cust_id,age,gender,category,purchase_amount,rating,discount,subscribed,payment_method,cluster
1,55,Male,Clothing,53.0,3.1,1,1,Other,2
2,19,Male,Clothing,64.0,3.1,1,1,Cash,2
3,50,Male,Clothing,73.0,3.1,1,1,Credit Card,2
4,21,Male,Clothing,90.0,3.5,1,1,PayPal,2
5,45,Male,Clothing,49.0,2.7,1,1,PayPal,2
6,46,Male,Clothing,20.0,2.9,1,1,Other,2
7,63,Male,Clothing,85.0,3.2,1,1,Cash,2
8,27,Male,Clothing,34.0,3.2,1,1,Credit Card,2
9,26,Male,Clothing,97.0,2.6,1,1,Other,2
10,57,Male,Jewelry & Accessories,31.0,4.8,1,1,Cash,2
11,53,Male,Clothing,34.0,4.1,1,1,Other,2
12,30,Male,Clothing,68.0,4.9,1,1,Other,2
13,61,Male,Clothing,72.0,4.5,1,1,Other,2
14,65,Male,Clothing,51.0,4.7,1,1,PayPal,2
15,64,Male,Clothing,53.0,4.7,1,1,Debit Card,2
16,64,Male,Clothing,81.0,2.8,1,1,PayPal,2
17,25,Male,Jewelry & Accessories,36.0,4.1,1,1,Debit Card,2
18,53,Male,Clothing,38.0,4.7,1,1,Other,2
19,52,Male,Clothing,48.0,4.6,1,1,Cash,2
20,66,Male,Clothing,90.0,3.3,1,1,Debit Card,2
21,21,Male,Clothing,51.0,2.8,1,1,Cash,2
22,31,Male,Clothing,62.0,4.1,1,1,Debit Card,2
23,56,Male,Clothing,37.0,3.2,1,1,Debit Card,2
24,31,Male,Clothing,88.0,4.4,1,1,Credit Card,2
25,18,Male,Clothing,22.0,2.9,1,1,Debit Card,2
26,18,Male,Clothing,25.0,3.6,1,1,PayPal,2
27,38,Male,Jewelry & Accessories,20.0,3.6,1,1,Credit Card,2
28,56,Male,Clothing,56.0,5.0,1,1,Other,2
29,54,Male,Jewelry & Accessories,94.0,4.4,1,1,PayPal,2
30,31,Male,Clothing,48.0,4.1,1,1,Credit Card,2
31,57,Male,Jewelry & Accessories,31.0,4.7,1,1,Credit Card,2
32,33,Male,Clothing,79.0,4.7,1,1,Other,2
33,36,Male,Clothing,67.0,4.9,1,1,Other,2
34,54,Male,Clothing,38.0,3.3,1,1,Cash,2
35,36,Male,Clothing,91.0,4.6,1,1,PayPal,2
36,54,Male,Clothing,33.0,4.0,1,1,Credit Card,2
37,35,Male,Clothing,69.0,4.6,1,1,PayPal,2
38,35,Male,Clothing,45.0,2.8,1,1,PayPal,2
39,29,Male,Clothing,37.0,3.7,1,1,Other,2
40,70,Male,Clothing,60.0,4.2,1,1,Credit Card,2
41,69,Male,Jewelry & Accessories,76.0,4.6,1,1,Debit Card,2
42,67,Male,Jewelry & Accessories,39.0,4.5,1,1,Other,2
43,20,Male,Clothing,100.0,4.1,1,1,PayPal,2
44,25,Male,Jewelry & Accessories,69.0,3.7,1,1,PayPal,2
45,39,Male,Jewelry & Accessories,53.0,4.6,1,1,PayPal,2
46,50,Male,Clothing,21.0,2.9,1,1,PayPal,2
47,57,Male,Clothing,43.0,2.9,1,1,Cash,2
48,55,Male,Jewelry & Accessories,54.0,4.5,1,1,Cash,2
49,42,Male,Clothing,55.0,2.7,1,1,Cash,2
50,68,Male,Clothing,30.0,4.6,1,1,Debit Card,2
51,49,Male,Clothing,28.0,3.7,1,1,Debit Card,2
52,59,Male,Clothing,59.0,4.7,1,1,Credit Card,2
53,42,Male,Clothing,20.0,2.6,1,1,Credit Card,2
54,29,Male,Clothing,24.0,3.9,1,1,Credit Card,2
55,47,Male,Clothing,94.0,4.2,1,1,Debit Card,2
56,40,Male,Clothing,28.0,3.0,1,1,Credit Card,2
57,41,Male,Jewelry & Accessories,73.0,4.7,1,1,Credit Card,2
58,21,Male,Clothing,64.0,4.4,1,1,Debit Card,2
59,69,Male,Clothing,54.0,4.2,1,1,Other,2
60,63,Male,Jewelry & Accessories,79.0,4.6,1,1,Debit Card,2
61,50,Male,Clothing,37.0,4.0,1,1,Cash,2
62,55,Male,Jewelry & Accessories,68.0,4.7,1,1,Credit Card,2
63,30,Male,Clothing,21.0,3.8,1,1,Credit Card,2
64,33,Male,Jewelry & Accessories,79.0,2.7,1,1,Credit Card,2
65,65,Male,Clothing,83.0,4.8,1,1,Debit Card,2
66,65,Male,Jewelry & Accessories,36.0,4.8,1,1,Other,2
67,31,Male,Clothing,94.0,4.7,1,1,Other,2
68,45,Male,Clothing,33.0,4.4,1,1,Debit Card,2
69,57,Male,Jewelry & Accessories,46.0,3.9,1,1,Cash,2
70,48,Male,Jewelry & Accessories,70.0,4.4,1,1,Cash,2
71,22,Male,Jewelry & Accessories,29.0,4.2,1,1,Debit Card,2
72,36,Male,Clothing,48.0,2.9,1,1,Other,2
73,18,Male,Clothing,26.0,2.9,1,1,Other,2
74,48,Male,Clothing,85.0,2.7,1,1,Other,2
75,49,Male,Jewelry & Accessories,58.0,4.5,1,1,Cash,2
76,64,Male,Jewelry & Accessories,85.0,2.7,1,1,Credit Card,2
77,50,Male,Jewelry & Accessories,43.0,4.2,1,1,Other,2
78,22,Male,Clothing,53.0,3.3,1,1,Debit Card,2
79,50,Male,Clothing,91.0,4.7,1,1,Other,2
80,38,Male,Clothing,96.0,2.6,1,1,Other,2
81,19,Male,Clothing,72.0,3.3,1,1,Credit Card,2
82,67,Male,Clothing,96.0,2.6,1,1,Credit Card,2
83,19,Male,Clothing,28.0,4.0,1,1,Credit Card,2
84,36,Male,Clothing,40.0,4.1,1,1,Other,2
85,52,Male,Clothing,32.0,4.4,1,1,Other,2
86,53,Male,Jewelry & Accessories,95.0,4.5,1,1,Debit Card,2
87,24,Male,Clothing,41.0,3.7,1,1,Cash,2
88,52,Male,Clothing,53.0,3.7,1,1,Debit Card,2
89,33,Male,Clothing,47.0,3.5,1,1,Credit Card,2
90,47,Male,Clothing,83.0,3.6,1,1,Cash,2
91,25,Male,Jewelry & Accessories,48.0,2.9,1,1,Credit Card,2
92,44,Male,Jewelry & Accessories,99.0,4.6,1,1,Credit Card,2
93,61,Male,Clothing,87.0,4.4,1,1,Other,2
94,37,Male,Clothing,62.0,4.5,1,1,Credit Card,2
95,58,Male,Clothing,76.0,4.6,1,1,Credit Card,2
96,37,Male,Clothing,100.0,3.8,1,1,PayPal,2
97,32,Male,Jewelry & Accessories,73.0,3.6,1,1,Other,2
98,21,Male,Clothing,92.0,4.8,1,1,Cash,2
99,20,Male,Clothing,67.0,2.6,1,1,Other,2
100,26,Male,Clothing,40.0,3.7,1,1,Debit Card,2
101,62,Male,Jewelry & Accessories,98.0,2.7,1,1,Cash,2
102,27,Male,Clothing,85.0,4.6,1,1,Credit Card,2
103,51,Male,Clothing,67.0,4.8,1,1,Credit Card,2
104,54,Male,Clothing,89.0,4.0,1,1,Other,2
105,55,Male,Jewelry & Accessories,24.0,4.4,1,1,PayPal,2
106,69,Male,Jewelry & Accessories,96.0,3.6,1,1,Other,2
107,64,Male,Clothing,35.0,3.7,1,1,Credit Card,2
108,28,Male,Clothing,67.0,3.1,1,1,PayPal,2
109,70,Male,Clothing,79.0,3.4,1,1,Other,2
110,58,Male,Clothing,85.0,2.6,1,1,Other,2
111,56,Male,Jewelry & Accessories,26.0,4.0,1,1,Other,2
112,26,Male,Jewelry & Accessories,75.0,5.0,1,1,Credit Card,2
113,37,Male,Jewelry & Accessories,65.0,4.3,1,1,PayPal,2
114,44,Male,Jewelry & Accessories,54.0,3.1,1,1,PayPal,2
115,70,Male,Clothing,95.0,3.7,1,1,Cash,2
116,53,Male,Clothing,94.0,3.8,1,1,Debit Card,2
117,55,Male,Clothing,86.0,3.4,1,1,Other,2
118,50,Male,Clothing,32.0,4.6,1,1,Cash,2
119,50,Male,Clothing,45.0,4.8,1,1,Cash,2
120,38,Male,Clothing,76.0,4.3,1,1,Cash,2
121,64,Male,Jewelry & Accessories,84.0,4.0,1,1,Other,2
122,19,Male,Clothing,72.0,4.2,1,1,Cash,2
123,40,Male,Jewelry & Accessories,40.0,4.8,1,1,Cash,2
124,57,Male,Clothing,89.0,3.1,1,1,Cash,2
125,44,Male,Clothing,86.0,3.1,1,1,PayPal,2
126,49,Male,Clothing,54.0,3.6,1,1,Other,2
127,43,Male,Clothing,36.0,3.9,1,1,Cash,2
128,24,Male,Clothing,89.0,4.8,1,1,Credit Card,2
129,20,Male,Jewelry & Accessories,32.0,4.7,1,1,Credit Card,2
130,24,Male,Clothing,67.0,4.2,1,1,PayPal,2
131,44,Male,Jewelry & Accessories,39.0,3.7,1,1,PayPal,2
132,28,Male,Clothing,29.0,3.9,1,1,Credit Card,2
133,30,Male,Jewelry & Accessories,58.0,4.7,1,1,PayPal,2
134,52,Male,Clothing,65.0,2.5,1,1,Other,2
135,43,Male,Jewelry & Accessories,94.0,4.9,1,1,Cash,2
136,43,Male,Clothing,81.0,4.1,1,1,PayPal,2
137,39,Male,Clothing,86.0,3.3,1,1,Debit Card,2
138,68,Male,Clothing,43.0,4.7,1,1,PayPal,2
139,68,Male,Clothing,29.0,4.4,1,1,Other,2
140,49,Male,Clothing,95.0,3.8,1,1,Other,2
141,63,Male,Clothing,28.0,3.9,1,1,Credit Card,2
142,56,Male,Jewelry & Accessories,46.0,4.9,1,1,PayPal,2
143,37,Male,Clothing,58.0,3.1,1,1,Credit Card,2
144,30,Male,Clothing,48.0,2.7,1,1,PayPal,2
145,19,Male,Clothing,43.0,3.2,1,1,Cash,2
146,24,Male,Jewelry & Accessories,95.0,4.5,1,1,Debit Card,2
147,52,Male,Clothing,30.0,4.0,1,1,Other,2
148,63,Male,Clothing,64.0,3.5,1,1,Other,2
149,37,Male,Jewelry & Accessories,90.0,2.6,1,1,Debit Card,2
150,38,Male,Clothing,76.0,3.2,1,1,PayPal,2
151,35,Male,Clothing,96.0,4.9,1,1,Debit Card,2
152,28,Male,Jewelry & Accessories,47.0,4.5,1,1,Other,2
153,30,Male,Clothing,85.0,4.3,1,1,Other,2
154,69,Male,Clothing,55.0,3.2,1,1,Debit Card,2
155,41,Male,Clothing,98.0,3.6,1,1,Other,2
156,63,Male,Clothing,77.0,4.3,1,1,Other,2
157,35,Male,Clothing,26.0,4.0,1,1,Debit Card,2
158,36,Male,Jewelry & Accessories,68.0,3.0,1,1,Other,2
159,25,Male,Clothing,73.0,4.1,1,1,Other,2
160,58,Male,Jewelry & Accessories,27.0,3.8,1,1,Other,2
161,27,Male,Jewelry & Accessories,23.0,4.6,1,1,Other,2
162,65,Male,Jewelry & Accessories,49.0,3.0,1,1,Other,2
163,54,Male,Jewelry & Accessories,74.0,3.0,1,1,PayPal,2
164,54,Male,Clothing,67.0,3.4,1,1,Debit Card,2
165,59,Male,Jewelry & Accessories,65.0,2.6,1,1,Credit Card,2
166,42,Male,Jewelry & Accessories,60.0,2.8,1,1,Cash,2
167,46,Male,Clothing,31.0,4.0,1,1,Cash,2
168,33,Male,Jewelry & Accessories,27.0,4.0,1,1,Credit Card,2
169,34,Male,Clothing,80.0,3.0,1,1,Cash,2
170,27,Male,Clothing,30.0,3.3,1,1,PayPal,2
171,52,Male,Clothing,25.0,2.6,1,1,Other,2
172,29,Male,Clothing,35.0,3.6,1,1,Credit Card,2
173,54,Male,Jewelry & Accessories,67.0,3.9,1,1,Credit Card,2
174,25,Male,Jewelry & Accessories,46.0,3.4,1,1,Cash,2
175,41,Male,Clothing,35.0,3.5,1,1,Other,2
176,53,Male,Clothing,86.0,2.8,1,1,Other,2
177,53,Male,Jewelry & Accessories,81.0,2.7,1,1,Credit Card,2
178,21,Male,Clothing,42.0,3.7,1,1,Other,2
179,61,Male,Clothing,43.0,4.3,1,1,PayPal,2
180,64,Male,Clothing,31.0,4.9,1,1,Other,2
181,51,Male,Clothing,81.0,3.3,1,1,Debit Card,2
182,32,Male,Clothing,61.0,4.7,1,1,Other,2
183,38,Male,Jewelry & Accessories,96.0,2.8,1,1,Debit Card,2
184,58,Male,Clothing,29.0,3.6,1,1,Credit Card,2
185,32,Male,Clothing,33.0,3.0,1,1,Cash,2
186,46,Male,Clothing,32.0,4.5,1,1,Other,2
187,39,Male,Jewelry & Accessories,56.0,2.9,1,1,Debit Card,2
188,19,Male,Clothing,94.0,3.3,1,1,Other,2
189,50,Male,Clothing,53.0,3.1,1,1,Other,2
190,36,Male,Clothing,82.0,4.4,1,1,Credit Card,2
191,65,Male,Clothing,70.0,3.0,1,1,Other,2
192,64,Male,Jewelry & Accessories,76.0,3.9,1,1,Cash,2
193,46,Male,Clothing,29.0,2.9,1,1,PayPal,2
194,36,Male,Jewelry & Accessories,100.0,3.0,1,1,Other,2
195,51,Male,Jewelry & Accessories,94.0,3.1,1,1,Debit Card,2
196,51,Male,Clothing,25.0,4.3,1,1,Credit Card,2
197,38,Male,Clothing,88.0,3.9,1,1,Credit Card,2
198,59,Male,Jewelry & Accessories,78.0,3.2,1,1,Credit Card,2
199,57,Male,Jewelry & Accessories,45.0,4.8,1,1,Credit Card,2
200,54,Male,Jewelry & Accessories,73.0,3.8,1,1,Cash,2
201,25,Male,Clothing,61.0,3.3,1,1,Other,2
202,69,Male,Clothing,22.0,4.3,1,1,Other,2
203,57,Male,Jewelry & Accessories,38.0,2.7,1,1,Other,2
204,70,Male,Jewelry & Accessories,38.0,3.2,1,1,Other,2
205,24,Male,Clothing,100.0,4.0,1,1,Cash,2
206,67,Male,Clothing,64.0,3.0,1,1,PayPal,2
207,24,Male,Clothing,55.0,4.2,1,1,Other,2
208,62,Male,Jewelry & Accessories,91.0,2.9,1,1,Other,2
209,57,Male,Clothing,38.0,4.1,1,1,Credit Card,2
210,55,Male,Clothing,97.0,3.2,1,1,Cash,2
211,45,Male,Clothing,22.0,3.0,1,1,PayPal,2
212,69,Male,Clothing,92.0,4.2,1,1,Debit Card,2
213,67,Male,Jewelry & Accessories,84.0,4.2,1,1,Debit Card,2
214,30,Male,Jewelry & Accessories,93.0,4.4,1,1,Debit Card,2
215,24,Male,Clothing,50.0,4.2,1,1,Cash,2
216,62,Male,Jewelry & Accessories,64.0,2.8,1,1,PayPal,2
217,43,Male,Clothing,61.0,3.7,1,1,Other,2
218,35,Male,Jewelry & Accessories,48.0,3.5,1,1,Other,2
219,28,Male,Clothing,45.0,2.9,1,1,Credit Card,2
220,32,Male,Jewelry & Accessories,88.0,3.0,1,1,Cash,2
221,39,Male,Clothing,57.0,3.7,1,1,Debit Card,2
222,28,Male,Jewelry & Accessories,68.0,4.4,1,1,Other,2
223,47,Male,Jewelry & Accessories,94.0,4.5,1,1,PayPal,2
224,20,Male,Clothing,41.0,4.8,1,1,PayPal,2
225,63,Male,Clothing,83.0,2.9,1,1,Cash,2
226,25,Male,Clothing,22.0,3.2,1,1,Other,2
227,29,Male,Clothing,74.0,3.3,1,1,PayPal,2
228,50,Male,Clothing,90.0,4.2,1,1,Other,2
229,18,Male,Clothing,79.0,2.9,1,1,Credit Card,2
230,70,Male,Clothing,28.0,4.6,1,1,PayPal,2
231,66,Male,Jewelry & Accessories,88.0,4.1,1,1,Credit Card,2
232,28,Male,Clothing,26.0,3.1,1,1,Debit Card,2
233,54,Male,Jewelry & Accessories,27.0,4.2,1,1,Other,2
234,19,Male,Clothing,83.0,4.5,1,1,Other,2
235,20,Male,Jewelry & Accessories,39.0,3.7,1,1,Credit Card,2
236,43,Male,Jewelry & Accessories,89.0,3.7,1,1,Debit Card,2
237,38,Male,Clothing,68.0,3.4,1,1,PayPal,2
238,50,Male,Clothing,90.0,3.0,1,1,Debit Card,2
239,64,Male,Clothing,34.0,4.2,1,1,Cash,2
240,49,Male,Clothing,51.0,2.9,1,1,Credit Card,2
241,47,Male,Clothing,45.0,3.5,1,1,Other,2
242,36,Male,Clothing,88.0,4.1,1,1,Other,2
243,55,Male,Clothing,85.0,4.3,1,1,Debit Card,2
244,25,Male,Jewelry & Accessories,100.0,2.8,1,1,Debit Card,2
245,53,Male,Jewelry & Accessories,42.0,4.9,1,1,PayPal,2
246,49,Male,Clothing,53.0,3.3,1,1,Other,2
247,35,Male,Jewelry & Accessories,86.0,3.2,1,1,Other,2
248,29,Male,Clothing,66.0,4.4,1,1,Debit Card,2
249,47,Male,Jewelry & Accessories,100.0,4.8,1,1,PayPal,2
250,53,Male,Jewelry & Accessories,47.0,4.2,1,1,Credit Card,2
251,33,Male,Clothing,25.0,4.0,1,1,Other,2
252,21,Male,Jewelry & Accessories,51.0,2.5,1,1,PayPal,2
253,32,Male,Clothing,41.0,3.9,1,1,Other,2
254,52,Male,Clothing,73.0,4.9,1,1,Other,2
255,67,Male,Jewelry & Accessories,42.0,3.5,1,1,PayPal,2
256,43,Male,Jewelry & Accessories,20.0,4.2,1,1,Debit Card,2
257,58,Male,Jewelry & Accessories,30.0,4.7,1,1,Credit Card,2
258,20,Male,Jewelry & Accessories,53.0,4.5,1,1,Credit Card,2
259,61,Male,Jewelry & Accessories,74.0,2.8,1,1,Cash,2
260,32,Male,Clothing,57.0,2.9,1,1,Debit Card,2
261,38,Male,Jewelry & Accessories,57.0,3.2,1,1,Credit Card,2
262,21,Male,Clothing,77.0,4.9,1,1,Credit Card,2
263,37,Male,Clothing,40.0,3.7,1,1,Debit Card,2
264,27,Male,Clothing,46.0,4.3,1,1,Other,2
265,36,Male,Clothing,78.0,3.9,1,1,Cash,2
266,32,Male,Jewelry & Accessories,59.0,3.2,1,1,Other,2
267,51,Male,Jewelry & Accessories,75.0,3.1,1,1,Credit Card,2
268,64,Male,Clothing,54.0,3.9,1,1,Other,2
269,68,Male,Clothing,42.0,2.6,1,1,Cash,2
270,68,Male,Clothing,44.0,3.3,1,1,Cash,2
271,33,Male,Clothing,52.0,4.6,1,1,Other,2
272,65,Male,Jewelry & Accessories,69.0,4.6,1,1,Credit Card,2
273,48,Male,Jewelry & Accessories,26.0,4.4,1,1,Debit Card,2
274,69,Male,Clothing,33.0,4.2,1,1,Debit Card,2
275,59,Male,Jewelry & Accessories,32.0,3.0,1,1,Cash,2
276,48,Male,Jewelry & Accessories,85.0,4.0,1,1,Credit Card,2
277,25,Male,Clothing,30.0,3.5,1,1,Other,2
278,29,Male,Clothing,29.0,3.0,1,1,Other,2
279,57,Male,Clothing,95.0,3.7,1,1,Debit Card,2
280,23,Male,Clothing,69.0,4.0,1,1,Other,2
281,45,Male,Clothing,69.0,4.2,1,1,Cash,2
282,38,Male,Jewelry & Accessories,61.0,2.5,1,1,Debit Card,2
283,21,Male,Clothing,94.0,3.0,1,1,Cash,2
284,32,Male,Clothing,30.0,3.2,1,1,Other,2
285,63,Male,Clothing,45.0,3.5,1,1,PayPal,2
286,29,Male,Jewelry & Accessories,39.0,4.8,1,1,Debit Card,2
287,27,Male,Jewelry & Accessories,51.0,2.6,1,1,Debit Card,2
288,56,Male,Jewelry & Accessories,37.0,3.4,1,1,Other,2
289,30,Male,Clothing,62.0,3.7,1,1,Other,2
290,49,Male,Clothing,85.0,4.5,1,1,Credit Card,2
291,58,Male,Clothing,33.0,3.7,1,1,PayPal,2
292,57,Male,Clothing,26.0,3.3,1,1,Other,2
293,60,Male,Clothing,99.0,4.7,1,1,Cash,2
294,69,Male,Jewelry & Accessories,39.0,2.7,1,1,PayPal,2
295,70,Male,Clothing,20.0,4.6,1,1,Credit Card,2
296,53,Male,Jewelry & Accessories,42.0,2.7,1,1,Credit Card,2
297,25,Male,Clothing,74.0,4.8,1,1,Credit Card,2
298,48,Male,Clothing,26.0,4.4,1,1,Credit Card,2
299,69,Male,Clothing,53.0,4.0,1,1,Other,2
300,25,Male,Clothing,80.0,3.2,1,1,PayPal,2
301,29,Male,Jewelry & Accessories,98.0,4.4,1,1,PayPal,2
302,46,Male,Clothing,95.0,3.8,1,1,Credit Card,2
303,37,Male,Clothing,44.0,3.6,1,1,Other,2
304,20,Male,Clothing,60.0,3.3,1,1,Other,2
305,40,Male,Clothing,84.0,3.4,1,1,Credit Card,2
306,60,Male,Clothing,59.0,3.5,1,1,PayPal,2
307,26,Male,Clothing,49.0,3.6,1,1,Cash,2
308,29,Male,Jewelry & Accessories,32.0,3.2,1,1,Credit Card,2
309,66,Male,Jewelry & Accessories,29.0,3.7,1,1,Other,2
310,66,Male,Clothing,22.0,4.5,1,1,Cash,2
311,56,Male,Clothing,85.0,4.6,1,1,Cash,2
312,69,Male,Clothing,52.0,4.1,1,1,Other,2
313,38,Male,Clothing,89.0,3.4,1,1,PayPal,2
314,42,Male,Clothing,77.0,3.7,1,1,Credit Card,2
315,30,Male,Clothing,24.0,3.3,1,1,Debit Card,2
316,66,Male,Jewelry & Accessories,24.0,4.5,1,1,Debit Card,2
317,36,Male,Jewelry & Accessories,22.0,3.3,1,1,Other,2
318,58,Male,Clothing,82.0,4.3,1,1,Cash,2
319,45,Male,Jewelry & Accessories,67.0,2.5,1,1,Cash,2
320,47,Male,Clothing,74.0,2.6,1,1,Cash,2
321,66,Male,Jewelry & Accessories,72.0,4.9,1,1,Debit Card,2
322,41,Male,Clothing,36.0,4.7,1,1,Debit Card,2
323,41,Male,Jewelry & Accessories,95.0,3.0,1,1,Credit Card,2
324,66,Male,Clothing,78.0,3.5,1,1,PayPal,2
325,37,Male,Clothing,82.0,4.8,1,1,Other,2
326,70,Male,Clothing,70.0,4.3,1,1,Debit Card,2
327,62,Male,Jewelry & Accessories,41.0,3.2,1,1,Other,2
328,61,Male,Clothing,42.0,3.1,1,1,PayPal,2
329,48,Male,Clothing,50.0,2.8,1,1,Credit Card,2
330,70,Male,Clothing,31.0,2.9,1,1,Other,2
331,46,Male,Clothing,51.0,3.7,1,1,Other,2
332,31,Male,Clothing,98.0,3.3,1,1,PayPal,2
333,19,Male,Clothing,86.0,2.8,1,1,Credit Card,2
334,39,Male,Clothing,64.0,4.5,1,1,Other,2
335,41,Male,Clothing,46.0,2.6,1,1,Credit Card,2
336,20,Male,Clothing,85.0,3.7,1,1,Other,2
337,36,Male,Jewelry & Accessories,81.0,4.4,1,1,PayPal,2
338,32,Male,Clothing,59.0,4.3,1,1,Other,2
339,69,Male,Clothing,79.0,3.5,1,1,Cash,2
340,40,Male,Clothing,33.0,3.8,1,1,Credit Card,2
341,40,Male,Clothing,47.0,3.5,1,1,Other,2
342,20,Male,Jewelry & Accessories,20.0,4.6,1,1,Debit Card,2
343,64,Male,Clothing,36.0,2.6,1,1,Credit Card,2
344,27,Male,Clothing,39.0,4.4,1,1,Other,2
345,24,Male,Clothing,71.0,4.0,1,1,Debit Card,2
346,48,Male,Clothing,59.0,4.4,1,1,Other,2
347,49,Male,Clothing,50.0,4.7,1,1,Cash,2
348,36,Male,Clothing,41.0,3.9,1,1,PayPal,2
349,56,Male,Clothing,59.0,2.7,1,1,PayPal,2
350,37,Male,Jewelry & Accessories,87.0,3.7,1,1,Other,2
351,42,Male,Clothing,68.0,2.6,1,1,Other,2
352,28,Male,Clothing,90.0,3.9,1,1,Debit Card,2
353,27,Male,Clothing,71.0,4.9,1,1,Cash,2
354,63,Male,Clothing,64.0,4.1,1,1,Debit Card,2
355,58,Male,Jewelry & Accessories,76.0,3.0,1,1,Other,2
356,37,Male,Jewelry & Accessories,42.0,4.1,1,1,PayPal,2
357,56,Male,Clothing,80.0,3.8,1,1,Cash,2
358,18,Male,Jewelry & Accessories,56.0,4.0,1,1,Credit Card,2
359,48,Male,Jewelry & Accessories,25.0,3.6,1,1,Credit Card,2
360,31,Male,Clothing,74.0,3.0,1,1,Credit Card,2
361,51,Male,Clothing,30.0,3.0,1,1,Debit Card,2
362,65,Male,Clothing,96.0,2.6,1,1,Cash,2
363,53,Male,Clothing,64.0,3.4,1,1,Other,2
364,55,Male,Clothing,88.0,3.1,1,1,Other,2
365,62,Male,Clothing,88.0,3.0,1,1,Other,2
366,55,Male,Jewelry & Accessories,88.0,3.7,1,1,PayPal,2
367,64,Male,Clothing,36.0,3.5,1,1,Other,2
368,52,Male,Clothing,40.0,2.8,1,1,Other,2
369,24,Male,Jewelry & Accessories,39.0,4.5,1,1,Cash,2
370,38,Male,Jewelry & Accessories,40.0,3.3,1,1,PayPal,2
371,59,Male,Jewelry & Accessories,34.0,3.4,1,1,PayPal,2
372,27,Male,Clothing,83.0,3.2,1,1,PayPal,2
373,24,Male,Clothing,85.0,3.7,1,1,Debit Card,2
374,23,Male,Clothing,27.0,4.6,1,1,Other,2
375,69,Male,Jewelry & Accessories,78.0,5.0,1,1,Other,2
376,59,Male,Jewelry & Accessories,32.0,4.4,1,1,Debit Card,2
377,51,Male,Clothing,51.0,4.9,1,1,Other,2
378,63,Male,Jewelry & Accessories,32.0,4.1,1,1,Credit Card,2
379,54,Male,Clothing,62.0,4.9,1,1,Credit Card,2
380,32,Male,Clothing,29.0,4.7,1,1,Debit Card,2
381,39,Male,Jewelry & Accessories,69.0,3.0,1,1,Other,2
382,66,Male,Jewelry & Accessories,25.0,3.4,1,1,Credit Card,2
383,28,Male,Clothing,76.0,3.2,1,1,PayPal,2
384,50,Male,Jewelry & Accessories,77.0,2.9,1,1,PayPal,2
385,70,Male,Clothing,33.0,4.5,1,1,Other,2
386,67,Male,Clothing,93.0,2.7,1,1,Credit Card,2
387,64,Male,Jewelry & Accessories,39.0,3.4,1,1,PayPal,2
388,45,Male,Clothing,93.0,4.6,1,1,PayPal,2
389,22,Male,Jewelry & Accessories,82.0,2.7,1,1,PayPal,2
390,27,Male,Clothing,42.0,4.2,1,1,Other,2
391,25,Male,Jewelry & Accessories,71.0,3.2,1,1,PayPal,2
392,37,Male,Clothing,86.0,4.8,1,1,Cash,2
393,26,Male,Clothing,82.0,3.3,1,1,Credit Card,2
394,33,Male,Clothing,65.0,4.2,1,1,PayPal,2
395,43,Male,Jewelry & Accessories,29.0,4.8,1,1,Debit Card,2
396,37,Male,Clothing,65.0,4.9,1,1,PayPal,2
397,46,Male,Clothing,88.0,3.9,1,1,Other,2
398,22,Male,Jewelry & Accessories,46.0,3.0,1,1,Cash,2
399,20,Male,Clothing,67.0,4.6,1,1,Debit Card,2
400,60,Male,Jewelry & Accessories,35.0,3.5,1,1,Debit Card,2
401,39,Male,Clothing,66.0,4.8,1,1,PayPal,2
402,43,Male,Clothing,91.0,4.8,1,1,Cash,2
403,31,Male,Jewelry & Accessories,78.0,3.0,1,1,PayPal,2
404,19,Male,Clothing,45.0,4.5,1,1,Other,2
405,35,Male,Clothing,93.0,4.8,1,1,Credit Card,2
406,41,Male,Clothing,74.0,3.8,1,1,Cash,2
407,52,Male,Jewelry & Accessories,55.0,4.6,1,1,Cash,2
408,45,Male,Clothing,76.0,3.1,1,1,Credit Card,2
409,34,Male,Clothing,66.0,3.4,1,1,Cash,2
410,35,Male,Clothing,51.0,3.3,1,1,Other,2
411,29,Male,Clothing,26.0,4.8,1,1,Credit Card,2
412,59,Male,Clothing,29.0,2.8,1,1,PayPal,2
413,24,Male,Clothing,74.0,3.1,1,1,Other,2
414,70,Male,Jewelry & Accessories,99.0,4.6,1,1,Cash,2
415,29,Male,Jewelry & Accessories,88.0,2.6,1,1,Debit Card,2
416,67,Male,Clothing,31.0,2.6,1,1,Other,2
417,36,Male,Jewelry & Accessories,55.0,3.8,1,1,Other,2
418,23,Male,Clothing,81.0,4.5,1,1,Debit Card,2
419,18,Male,Clothing,73.0,3.0,1,1,Other,2
420,53,Male,Clothing,91.0,3.5,1,1,Credit Card,2
421,32,Male,Clothing,54.0,3.8,1,1,Debit Card,2
422,38,Male,Clothing,40.0,3.5,1,1,Cash,2
423,47,Male,Clothing,59.0,3.1,1,1,Debit Card,2
424,46,Male,Jewelry & Accessories,26.0,3.0,1,1,Credit Card,2
425,66,Male,Clothing,23.0,4.3,1,1,PayPal,2
426,40,Male,Clothing,87.0,3.3,1,1,Credit Card,2
427,43,Male,Clothing,71.0,4.7,1,1,Credit Card,2
428,58,Male,Jewelry & Accessories,91.0,4.5,1,1,Credit Card,2
429,21,Male,Clothing,64.0,2.9,1,1,Debit Card,2
430,42,Male,Clothing,94.0,4.1,1,1,Cash,2
431,24,Male,Clothing,40.0,3.5,1,1,Debit Card,2
432,43,Male,Jewelry & Accessories,76.0,3.4,1,1,Cash,2
433,47,Male,Clothing,86.0,3.3,1,1,Other,2
434,49,Male,Clothing,92.0,3.2,1,1,Credit Card,2
435,50,Male,Clothing,52.0,4.0,1,1,PayPal,2
436,51,Male,Clothing,28.0,3.6,1,1,Other,2
437,40,Male,Clothing,46.0,4.6,1,1,Other,2
438,45,Male,Jewelry & Accessories,50.0,2.6,1,1,PayPal,2
439,52,Male,Jewelry & Accessories,23.0,4.3,1,1,Credit Card,2
440,62,Male,Clothing,50.0,3.4,1,1,Cash,2
441,20,Male,Clothing,89.0,3.5,1,1,Debit Card,2
442,43,Male,Clothing,81.0,4.2,1,1,Credit Card,2
443,29,Male,Jewelry & Accessories,69.0,3.5,1,1,Credit Card,2
444,22,Male,Jewelry & Accessories,67.0,3.6,1,1,PayPal,2
445,48,Male,Clothing,20.0,4.3,1,1,Debit Card,2
446,42,Male,Clothing,29.0,4.9,1,1,Other,2
447,19,Male,Clothing,74.0,4.1,1,1,Other,2
448,60,Male,Clothing,82.0,3.6,1,1,Other,2
449,32,Male,Jewelry & Accessories,23.0,3.4,1,1,Other,2
450,26,Male,Jewelry & Accessories,45.0,2.9,1,1,Other,2
451,25,Male,Clothing,21.0,2.7,1,1,Credit Card,2
452,66,Male,Jewelry & Accessories,31.0,4.3,1,1,Credit Card,2
453,45,Male,Clothing,45.0,3.3,1,1,PayPal,2
454,54,Male,Jewelry & Accessories,56.0,2.8,1,1,Credit Card,2
455,37,Male,Clothing,97.0,3.2,1,1,Cash,2
456,54,Male,Clothing,100.0,3.6,1,1,Debit Card,2
457,50,Male,Clothing,96.0,4.0,1,1,Credit Card,2
458,25,Male,Jewelry & Accessories,99.0,4.9,1,1,Debit Card,2
459,47,Male,Clothing,91.0,4.0,1,1,PayPal,2
460,63,Male,Jewelry & Accessories,30.0,3.8,1,1,PayPal,2
461,64,Male,Clothing,65.0,3.7,1,1,Other,2
462,18,Male,Clothing,93.0,3.9,1,1,Other,2
463,59,Male,Clothing,81.0,3.3,1,1,Other,2
464,37,Male,Jewelry & Accessories,81.0,2.7,1,1,Other,2
465,23,Male,Jewelry & Accessories,52.0,4.7,1,1,PayPal,2
466,54,Male,Clothing,88.0,2.8,1,1,Cash,2
467,38,Male,Clothing,24.0,4.6,1,1,PayPal,2
468,19,Male,Jewelry & Accessories,51.0,4.5,1,1,Debit Card,2
469,34,Male,Jewelry & Accessories,38.0,5.0,1,1,Cash,2
470,21,Male,Clothing,46.0,4.1,1,1,Debit Card,2
471,50,Male,Clothing,63.0,4.6,1,1,Cash,2
472,55,Male,Jewelry & Accessories,72.0,4.9,1,1,Other,2
473,20,Male,Clothing,39.0,3.9,1,1,Other,2
474,34,Male,Clothing,42.0,3.9,1,1,PayPal,2
475,62,Male,Clothing,76.0,2.6,1,1,Cash,2
476,21,Male,Clothing,66.0,2.7,1,1,Debit Card,2
477,21,Male,Jewelry & Accessories,90.0,3.5,1,1,Debit Card,2
478,42,Male,Clothing,56.0,3.7,1,1,Debit Card,2
479,35,Male,Jewelry & Accessories,43.0,3.2,1,1,Other,2
480,39,Male,Jewelry & Accessories,84.0,3.3,1,1,Other,2
481,68,Male,Clothing,88.0,4.8,1,1,Debit Card,2
482,46,Male,Jewelry & Accessories,88.0,3.2,1,1,PayPal,2
483,41,Male,Jewelry & Accessories,42.0,2.5,1,1,Other,2
484,23,Male,Clothing,73.0,3.9,1,1,Debit Card,2
485,68,Male,Jewelry & Accessories,73.0,4.7,1,1,Other,2
486,48,Male,Clothing,44.0,2.6,1,1,Debit Card,2
487,38,Male,Clothing,63.0,2.8,1,1,Other,2
488,41,Male,Clothing,68.0,4.4,1,1,Credit Card,2
489,58,Male,Clothing,29.0,4.6,1,1,Other,2
490,49,Male,Clothing,85.0,3.2,1,1,PayPal,2
491,57,Male,Clothing,42.0,4.2,1,1,Cash,2
492,49,Male,Clothing,69.0,3.7,1,1,Credit Card,2
493,50,Male,Clothing,62.0,3.9,1,1,Debit Card,2
494,28,Male,Jewelry & Accessories,48.0,4.7,1,1,Cash,2
495,38,Male,Clothing,68.0,4.5,1,1,Debit Card,2
496,33,Male,Jewelry & Accessories,36.0,3.3,1,1,Debit Card,2
497,30,Male,Clothing,63.0,3.3,1,1,Other,2
498,43,Male,Clothing,39.0,4.6,1,1,Cash,2
499,43,Male,Clothing,78.0,3.6,1,1,Other,2
500,36,Male,Clothing,99.0,4.8,1,1,PayPal,2
501,36,Male,Clothing,31.0,4.8,1,1,Other,2
502,64,Male,Clothing,45.0,2.9,1,1,Other,2
503,59,Male,Clothing,30.0,2.8,1,1,PayPal,2
504,55,Male,Clothing,24.0,3.2,1,1,Other,2
505,42,Male,Clothing,22.0,3.9,1,1,PayPal,2
506,61,Male,Clothing,63.0,4.3,1,1,Cash,2
507,28,Male,Jewelry & Accessories,40.0,2.7,1,1,Debit Card,2
508,65,Male,Clothing,20.0,5.0,1,1,Debit Card,2
509,27,Male,Jewelry & Accessories,20.0,3.7,1,1,PayPal,2
510,41,Male,Clothing,80.0,3.9,1,1,Debit Card,2
511,21,Male,Clothing,87.0,3.9,1,1,Other,2
512,61,Male,Clothing,46.0,3.1,1,1,PayPal,2
513,19,Male,Jewelry & Accessories,49.0,3.3,1,1,Other,2
514,22,Male,Jewelry & Accessories,65.0,3.6,1,1,Other,2
515,64,Male,Clothing,62.0,4.3,1,1,PayPal,2
516,28,Male,Jewelry & Accessories,67.0,4.5,1,1,Cash,2
517,34,Male,Clothing,41.0,2.8,1,1,Debit Card,2
518,61,Male,Clothing,49.0,2.7,1,1,Cash,2
519,24,Male,Clothing,100.0,2.9,1,1,Other,2
520,19,Male,Jewelry & Accessories,54.0,4.4,1,1,Other,2
521,51,Male,Jewelry & Accessories,84.0,3.9,1,1,Debit Card,2
522,36,Male,Clothing,41.0,3.5,1,1,Other,2
523,65,Male,Jewelry & Accessories,88.0,2.5,1,1,Cash,2
524,46,Male,Clothing,40.0,4.9,1,1,PayPal,2
525,59,Male,Clothing,39.0,4.8,1,1,PayPal,2
526,51,Male,Clothing,37.0,3.2,1,1,Debit Card,2
527,51,Male,Clothing,52.0,4.9,1,1,Cash,2
528,21,Male,Clothing,23.0,4.3,1,1,Other,2
529,34,Male,Clothing,88.0,3.2,1,1,Cash,2
530,32,Male,Clothing,84.0,3.7,1,1,Credit Card,2
531,48,Male,Clothing,37.0,3.2,1,1,Credit Card,2
532,50,Male,Clothing,51.0,3.4,1,1,Cash,2
533,26,Male,Clothing,76.0,4.1,1,1,Other,2
534,57,Male,Clothing,60.0,4.5,1,1,Debit Card,2
535,65,Male,Jewelry & Accessories,72.0,4.5,1,1,PayPal,2
536,56,Male,Clothing,45.0,3.2,1,1,Other,2
537,44,Male,Clothing,84.0,4.4,1,1,Debit Card,2
538,50,Male,Clothing,49.0,3.0,1,1,Debit Card,2
539,27,Male,Clothing,22.0,3.2,1,1,Cash,2
540,49,Male,Clothing,48.0,4.0,1,1,Debit Card,2
541,49,Male,Clothing,37.0,3.1,1,1,Cash,2
542,52,Male,Clothing,27.0,2.8,1,1,Cash,2
543,27,Male,Clothing,79.0,4.6,1,1,Cash,2
544,53,Male,Clothing,98.0,4.3,1,1,Credit Card,2
545,34,Male,Clothing,64.0,3.3,1,1,Other,2
546,33,Male,Clothing,32.0,3.5,1,1,Debit Card,2
547,62,Male,Clothing,74.0,3.4,1,1,Other,2
548,38,Male,Clothing,50.0,2.8,1,1,Other,2
549,36,Male,Jewelry & Accessories,64.0,4.6,1,1,Debit Card,2
550,31,Male,Jewelry & Accessories,29.0,3.6,1,1,Other,2
551,62,Male,Jewelry & Accessories,62.0,3.3,1,1,PayPal,2
552,29,Male,Clothing,78.0,3.1,1,1,Cash,2
553,24,Male,Clothing,94.0,3.5,1,1,Other,2
554,63,Male,Jewelry & Accessories,59.0,3.2,1,1,Credit Card,2
555,56,Male,Clothing,47.0,3.0,1,1,Other,2
556,63,Male,Jewelry & Accessories,57.0,4.8,1,1,Other,2
557,40,Male,Clothing,90.0,5.0,1,1,Cash,2
558,18,Male,Clothing,60.0,2.9,1,1,Debit Card,2
559,50,Male,Clothing,77.0,3.2,1,1,Debit Card,2
560,66,Male,Jewelry & Accessories,41.0,2.9,1,1,Other,2
561,25,Male,Jewelry & Accessories,48.0,3.3,1,1,Debit Card,2
562,65,Male,Clothing,65.0,2.6,1,1,PayPal,2
563,53,Male,Clothing,62.0,3.5,1,1,Debit Card,2
564,61,Male,Clothing,99.0,4.4,1,1,Debit Card,2
565,67,Male,Clothing,58.0,3.4,1,1,Other,2
566,59,Male,Jewelry & Accessories,43.0,4.2,1,1,Other,2
567,55,Male,Clothing,93.0,3.6,1,1,Debit Card,2
568,21,Male,Clothing,50.0,3.0,1,1,Other,2
569,44,Male,Clothing,88.0,4.0,1,1,PayPal,2
570,65,Male,Clothing,33.0,4.4,1,1,Credit Card,2
571,65,Male,Clothing,99.0,4.1,1,1,Cash,2
572,54,Male,Clothing,76.0,3.6,1,1,Other,2
573,56,Male,Jewelry & Accessories,97.0,4.6,1,1,Other,2
574,58,Male,Clothing,68.0,3.2,1,1,Credit Card,2
575,54,Male,Clothing,79.0,4.8,1,1,Other,2
576,58,Male,Clothing,86.0,4.8,1,1,PayPal,2
577,48,Male,Jewelry & Accessories,68.0,5.0,1,1,Credit Card,2
578,19,Male,Clothing,52.0,3.7,1,1,Other,2
579,69,Male,Clothing,90.0,4.6,1,1,Credit Card,2
580,58,Male,Clothing,41.0,3.7,1,1,Credit Card,2
581,49,Male,Clothing,80.0,4.1,1,1,PayPal,2
582,32,Male,Clothing,100.0,2.7,1,1,Other,2
583,40,Male,Clothing,77.0,4.9,1,1,Other,2
584,25,Male,Clothing,78.0,4.0,1,1,PayPal,2
585,70,Male,Clothing,94.0,4.7,1,1,Debit Card,2
586,69,Male,Clothing,23.0,2.8,1,1,Cash,2
587,45,Male,Clothing,20.0,4.9,1,1,Other,2
588,29,Male,Clothing,86.0,4.2,1,1,Debit Card,2
589,47,Male,Clothing,60.0,3.0,1,1,Debit Card,2
590,28,Male,Clothing,70.0,3.4,1,1,PayPal,2
591,64,Male,Jewelry & Accessories,39.0,4.6,1,1,Other,2
592,47,Male,Jewelry & Accessories,37.0,4.2,1,1,Debit Card,2
593,60,Male,Clothing,29.0,3.2,1,1,Other,2
594,67,Male,Clothing,35.0,4.4,1,1,PayPal,2
595,35,Male,Clothing,83.0,2.5,1,1,Debit Card,2
596,30,Male,Clothing,77.0,3.6,1,1,PayPal,2
597,23,Male,Clothing,37.0,4.5,1,1,Other,2
598,70,Male,Jewelry & Accessories,69.0,3.4,1,1,Other,2
599,21,Male,Clothing,66.0,3.2,1,1,Cash,2
600,51,Male,Clothing,26.0,4.2,1,1,Debit Card,2
601,22,Male,Jewelry & Accessories,63.0,5.0,1,1,Other,2
602,32,Male,Jewelry & Accessories,38.0,4.7,1,1,Cash,2
603,37,Male,Clothing,58.0,4.2,1,1,Cash,2
604,31,Male,Jewelry & Accessories,46.0,3.4,1,1,PayPal,2
605,44,Male,Jewelry & Accessories,92.0,4.4,1,1,Credit Card,2
606,40,Male,Jewelry & Accessories,32.0,4.2,1,1,Other,2
607,27,Male,Jewelry & Accessories,90.0,4.5,1,1,PayPal,2
608,47,Male,Clothing,23.0,2.8,1,1,Cash,2
609,41,Male,Jewelry & Accessories,25.0,3.3,1,1,Other,2
610,51,Male,Clothing,54.0,4.6,1,1,Credit Card,2
611,53,Male,Clothing,72.0,2.5,1,1,Other,2
612,43,Male,Jewelry & Accessories,33.0,4.7,1,1,Cash,2
613,67,Male,Jewelry & Accessories,43.0,4.6,1,1,Credit Card,2
614,61,Male,Clothing,51.0,2.6,1,1,Cash,2
615,68,Male,Jewelry & Accessories,85.0,4.0,1,1,Credit Card,2
616,67,Male,Clothing,100.0,2.6,1,1,Other,2
617,29,Male,Jewelry & Accessories,72.0,4.6,1,1,Credit Card,2
618,50,Male,Jewelry & Accessories,57.0,2.6,1,1,Other,2
619,61,Male,Clothing,94.0,4.0,1,1,Debit Card,2
620,19,Male,Jewelry & Accessories,34.0,4.6,1,1,Debit Card,2
621,33,Male,Jewelry & Accessories,89.0,3.7,1,1,Other,2
622,51,Male,Jewelry & Accessories,27.0,4.4,1,1,Credit Card,2
623,69,Male,Clothing,63.0,4.0,1,1,Other,2
624,19,Male,Clothing,70.0,4.7,1,1,PayPal,2
625,55,Male,Clothing,87.0,3.4,1,1,PayPal,2
626,49,Male,Jewelry & Accessories,79.0,4.0,1,1,Other,2
627,31,Male,Jewelry & Accessories,79.0,3.9,1,1,Other,2
628,42,Male,Clothing,44.0,4.1,1,1,PayPal,2
629,69,Male,Clothing,85.0,3.7,1,1,Credit Card,2
630,26,Male,Clothing,90.0,4.7,1,1,Debit Card,2
631,41,Male,Jewelry & Accessories,94.0,4.3,1,1,Debit Card,2
632,55,Male,Clothing,68.0,4.1,1,1,Cash,2
633,35,Male,Jewelry & Accessories,51.0,3.9,1,1,Other,2
634,66,Male,Clothing,33.0,2.9,1,1,Debit Card,2
635,36,Male,Clothing,60.0,3.9,1,1,PayPal,2
636,27,Male,Clothing,59.0,4.3,1,1,Cash,2
637,41,Male,Jewelry & Accessories,30.0,2.8,1,1,Other,2
638,21,Male,Clothing,20.0,3.4,1,1,Cash,2
639,53,Male,Clothing,20.0,2.7,1,1,PayPal,2
640,54,Male,Clothing,24.0,4.0,1,1,Credit Card,2
641,53,Male,Clothing,88.0,4.4,1,1,Debit Card,2
642,47,Male,Clothing,78.0,3.9,1,1,Credit Card,2
643,64,Male,Clothing,25.0,2.8,1,1,Debit Card,2
644,18,Male,Clothing,57.0,3.2,1,1,Other,2
645,68,Male,Jewelry & Accessories,93.0,4.3,1,1,Cash,2
646,62,Male,Clothing,42.0,4.2,1,1,Other,2
647,51,Male,Clothing,54.0,4.9,1,1,Other,2
648,54,Male,Clothing,70.0,3.7,1,1,Credit Card,2
649,22,Male,Clothing,31.0,4.1,1,1,Credit Card,2
650,53,Male,Clothing,93.0,4.2,1,1,PayPal,2
651,34,Male,Jewelry & Accessories,40.0,3.9,1,1,Other,2
652,32,Male,Jewelry & Accessories,32.0,2.9,1,1,Other,2
653,64,Male,Jewelry & Accessories,27.0,3.1,1,1,Other,2
654,20,Male,Jewelry & Accessories,68.0,3.6,1,1,Cash,2
655,24,Male,Jewelry & Accessories,59.0,4.4,1,1,Other,2
656,20,Male,Jewelry & Accessories,36.0,3.1,1,1,Other,2
657,42,Male,Clothing,23.0,3.9,1,1,PayPal,2
658,48,Male,Clothing,80.0,4.3,1,1,PayPal,2
659,62,Male,Jewelry & Accessories,37.0,4.9,1,1,Other,2
660,62,Male,Clothing,52.0,3.6,1,1,Cash,2
661,50,Male,Clothing,79.0,5.0,1,1,Credit Card,2
662,57,Male,Clothing,68.0,4.1,1,1,Credit Card,2
663,24,Male,Jewelry & Accessories,98.0,2.8,1,1,Other,2
664,59,Male,Clothing,83.0,4.7,1,1,Credit Card,2
665,63,Male,Clothing,83.0,4.4,1,1,PayPal,2
666,41,Male,Clothing,55.0,4.9,1,1,Credit Card,2
667,35,Male,Clothing,26.0,3.1,1,1,Debit Card,2
668,34,Male,Jewelry & Accessories,76.0,2.6,1,1,Other,2
669,49,Male,Clothing,85.0,2.9,1,1,Other,2
670,43,Male,Clothing,89.0,3.3,1,1,Other,2
671,63,Male,Clothing,41.0,4.8,1,1,Cash,2
672,38,Male,Clothing,30.0,4.7,1,1,Cash,2
673,59,Male,Clothing,53.0,3.3,1,1,Cash,2
674,35,Male,Clothing,66.0,4.2,1,1,Other,2
675,48,Male,Jewelry & Accessories,33.0,4.7,1,1,Other,2
676,64,Male,Jewelry & Accessories,86.0,2.6,1,1,Cash,2
677,28,Male,Clothing,60.0,2.9,1,1,Other,2
678,60,Male,Clothing,62.0,2.7,1,1,PayPal,2
679,27,Male,Clothing,74.0,3.3,1,1,Debit Card,2
680,56,Male,Clothing,95.0,3.4,1,1,Other,2
681,58,Male,Clothing,25.0,4.2,1,1,PayPal,2
682,30,Male,Clothing,59.0,3.8,1,1,Credit Card,2
683,23,Male,Clothing,29.0,4.0,1,1,Credit Card,2
684,33,Male,Clothing,36.0,2.7,1,1,Other,2
685,63,Male,Jewelry & Accessories,82.0,4.7,1,1,Debit Card,2
686,70,Male,Clothing,71.0,3.5,1,1,Cash,2
687,70,Male,Clothing,35.0,3.0,1,1,Other,2
688,19,Male,Jewelry & Accessories,38.0,3.3,1,1,Other,2
689,25,Male,Jewelry & Accessories,59.0,4.7,1,1,Other,2
690,19,Male,Clothing,91.0,4.7,1,1,Credit Card,2
691,25,Male,Clothing,68.0,4.8,1,1,Other,2
692,60,Male,Jewelry & Accessories,21.0,2.9,1,1,PayPal,2
693,35,Male,Jewelry & Accessories,95.0,4.0,1,1,Debit Card,2
694,46,Male,Clothing,52.0,3.1,1,1,Cash,2
695,41,Male,Clothing,21.0,3.5,1,1,Other,2
696,30,Male,Clothing,67.0,3.7,1,1,Debit Card,2
697,44,Male,Jewelry & Accessories,42.0,2.8,1,1,Cash,2
698,61,Male,Jewelry & Accessories,63.0,4.6,1,1,Debit Card,2
699,55,Male,Clothing,41.0,3.8,1,1,Debit Card,2
700,50,Male,Jewelry & Accessories,46.0,2.6,1,1,PayPal,2
701,57,Male,Clothing,79.0,4.1,1,1,PayPal,2
702,51,Male,Clothing,90.0,3.3,1,1,Debit Card,2
703,18,Male,Clothing,71.0,3.4,1,1,Cash,2
704,63,Male,Clothing,87.0,3.0,1,1,Other,2
705,34,Male,Clothing,66.0,3.2,1,1,PayPal,2
706,25,Male,Clothing,90.0,4.5,1,1,Cash,2
707,46,Male,Clothing,47.0,4.8,1,1,Debit Card,2
708,59,Male,Clothing,38.0,3.7,1,1,Other,2
709,37,Male,Jewelry & Accessories,50.0,3.4,1,1,Cash,2
710,49,Male,Clothing,79.0,4.6,1,1,Debit Card,2
711,22,Male,Jewelry & Accessories,91.0,4.1,1,1,PayPal,2
712,64,Male,Clothing,60.0,3.5,1,1,Other,2
713,42,Male,Clothing,81.0,3.8,1,1,Other,2
714,37,Male,Clothing,90.0,2.6,1,1,Other,2
715,26,Male,Clothing,70.0,4.4,1,1,Debit Card,2
716,33,Male,Clothing,63.0,2.6,1,1,Debit Card,2
717,30,Male,Jewelry & Accessories,29.0,3.6,1,1,Other,2
718,21,Male,Clothing,90.0,4.2,1,1,Other,2
719,22,Male,Clothing,22.0,4.6,1,1,Other,2
720,63,Male,Clothing,22.0,3.3,1,1,Other,2
721,33,Male,Jewelry & Accessories,62.0,3.4,1,1,Debit Card,2
722,43,Male,Clothing,57.0,4.4,1,1,Debit Card,2
723,27,Male,Clothing,32.0,4.3,1,1,Cash,2
724,35,Male,Jewelry & Accessories,53.0,3.5,1,1,PayPal,2
725,37,Male,Clothing,79.0,4.7,1,1,Other,2
726,61,Male,Jewelry & Accessories,61.0,3.1,1,1,Debit Card,2
727,32,Male,Clothing,78.0,3.6,1,1,Other,2
728,62,Male,Clothing,97.0,4.8,1,1,Other,2
729,29,Male,Clothing,78.0,3.7,1,1,PayPal,2
730,41,Male,Jewelry & Accessories,56.0,3.2,1,1,PayPal,2
731,48,Male,Clothing,25.0,3.9,1,1,Other,2
732,43,Male,Clothing,28.0,3.5,1,1,PayPal,2
733,34,Male,Clothing,57.0,2.8,1,1,Cash,2
734,45,Male,Clothing,36.0,2.7,1,1,Debit Card,2
735,65,Male,Clothing,69.0,3.1,1,1,Other,2
736,61,Male,Jewelry & Accessories,48.0,3.6,1,1,Cash,2
737,18,Male,Clothing,58.0,2.9,1,1,Credit Card,2
738,47,Male,Jewelry & Accessories,24.0,3.6,1,1,PayPal,2
739,56,Male,Jewelry & Accessories,31.0,3.5,1,1,Other,2
740,64,Male,Clothing,29.0,3.5,1,1,Other,2
741,26,Male,Clothing,69.0,2.8,1,1,Credit Card,2
742,22,Male,Clothing,79.0,4.7,1,1,Other,2
743,64,Male,Clothing,39.0,3.1,1,1,Debit Card,2
744,21,Male,Jewelry & Accessories,84.0,4.9,1,1,Cash,2
745,67,Male,Clothing,66.0,4.1,1,1,Debit Card,2
746,46,Male,Clothing,92.0,4.7,1,1,Other,2
747,40,Male,Clothing,45.0,2.5,1,1,Credit Card,2
748,51,Male,Clothing,74.0,4.4,1,1,Other,2
749,35,Male,Jewelry & Accessories,39.0,3.9,1,1,Other,2
750,56,Male,Jewelry & Accessories,71.0,3.7,1,1,Debit Card,2
751,25,Male,Clothing,95.0,3.4,1,1,Other,2
752,65,Male,Jewelry & Accessories,72.0,4.8,1,1,Credit Card,2
753,39,Male,Jewelry & Accessories,85.0,4.2,1,1,PayPal,2
754,47,Male,Clothing,54.0,3.4,1,1,Other,2
755,36,Male,Jewelry & Accessories,41.0,2.9,1,1,Debit Card,2
756,66,Male,Clothing,24.0,3.3,1,1,PayPal,2
757,62,Male,Jewelry & Accessories,99.0,4.8,1,1,Cash,2
758,41,Male,Clothing,32.0,3.8,1,1,Debit Card,2
759,66,Male,Clothing,71.0,4.6,1,1,Other,2
760,51,Male,Clothing,49.0,2.6,1,1,Credit Card,2
761,33,Male,Jewelry & Accessories,50.0,3.4,1,1,Cash,2
762,57,Male,Jewelry & Accessories,91.0,4.2,1,1,Other,2
763,45,Male,Jewelry & Accessories,46.0,3.9,1,1,Debit Card,2
764,61,Male,Clothing,50.0,2.9,1,1,Credit Card,2
765,55,Male,Clothing,39.0,4.2,1,1,Debit Card,2
766,54,Male,Clothing,99.0,3.0,1,1,Cash,2
767,57,Male,Jewelry & Accessories,48.0,3.6,1,1,PayPal,2
768,27,Male,Clothing,77.0,2.5,1,1,Cash,2
769,64,Male,Jewelry & Accessories,95.0,2.6,1,1,Other,2
770,52,Male,Clothing,100.0,4.3,1,1,PayPal,2
771,19,Male,Clothing,54.0,3.3,1,1,Credit Card,2
772,22,Male,Clothing,68.0,2.6,1,1,Other,2
773,18,Male,Clothing,22.0,3.6,1,1,Debit Card,2
774,29,Male,Jewelry & Accessories,84.0,2.6,1,1,Debit Card,2
775,42,Male,Jewelry & Accessories,46.0,3.5,1,1,Credit Card,2
776,49,Male,Jewelry & Accessories,53.0,3.0,1,1,PayPal,2
777,49,Male,Clothing,60.0,5.0,1,1,Other,2
778,55,Male,Clothing,32.0,2.5,1,1,Other,2
779,29,Male,Clothing,50.0,2.9,1,1,Debit Card,2
780,60,Male,Clothing,94.0,4.6,1,1,Cash,2
781,34,Male,Clothing,26.0,3.6,1,1,Cash,2
782,30,Male,Jewelry & Accessories,44.0,3.0,1,1,Credit Card,2
783,28,Male,Clothing,57.0,4.5,1,1,Cash,2
784,63,Male,Clothing,65.0,4.5,1,1,PayPal,2
785,31,Male,Clothing,72.0,3.2,1,1,Other,2
786,46,Male,Clothing,62.0,4.0,1,1,PayPal,2
787,70,Male,Jewelry & Accessories,21.0,4.8,1,1,Other,2
788,53,Male,Jewelry & Accessories,85.0,3.7,1,1,Other,2
789,50,Male,Clothing,51.0,3.8,1,1,Other,2
790,33,Male,Jewelry & Accessories,84.0,2.7,1,1,Credit Card,2
791,22,Male,Clothing,37.0,4.9,1,1,Other,2
792,50,Male,Jewelry & Accessories,44.0,3.1,1,1,PayPal,2
793,34,Male,Clothing,45.0,4.2,1,1,Other,2
794,24,Male,Clothing,35.0,3.8,1,1,Credit Card,2
795,69,Male,Jewelry & Accessories,50.0,4.2,1,1,Debit Card,2
796,39,Male,Clothing,26.0,4.6,1,1,Other,2
797,42,Male,Clothing,78.0,4.0,1,1,Credit Card,2
798,42,Male,Clothing,82.0,4.0,1,1,Debit Card,2
799,29,Male,Clothing,39.0,3.8,1,1,PayPal,2
800,55,Male,Jewelry & Accessories,55.0,3.3,1,1,PayPal,2
801,32,Male,Clothing,20.0,2.6,1,1,Cash,2
802,25,Male,Jewelry & Accessories,29.0,4.9,1,1,Credit Card,2
803,38,Male,Clothing,41.0,3.5,1,1,Other,2
804,32,Male,Clothing,38.0,2.8,1,1,Other,2
805,43,Male,Clothing,47.0,2.6,1,1,Other,2
806,41,Male,Clothing,30.0,3.7,1,1,Debit Card,2
807,56,Male,Clothing,56.0,2.7,1,1,PayPal,2
808,27,Male,Clothing,89.0,3.3,1,1,Credit Card,2
809,46,Male,Clothing,96.0,4.6,1,1,Cash,2
810,48,Male,Clothing,81.0,4.9,1,1,PayPal,2
811,52,Male,Jewelry & Accessories,83.0,4.9,1,1,Debit Card,2
812,18,Male,Clothing,35.0,2.7,1,1,Other,2
813,64,Male,Clothing,56.0,3.2,1,1,Credit Card,2
814,54,Male,Jewelry & Accessories,45.0,2.9,1,1,Debit Card,2
815,31,Male,Clothing,62.0,3.8,1,1,PayPal,2
816,30,Male,Jewelry & Accessories,84.0,3.0,1,1,Other,2
817,26,Male,Clothing,24.0,3.9,1,1,Debit Card,2
818,25,Male,Jewelry & Accessories,21.0,4.7,1,1,PayPal,2
819,59,Male,Clothing,91.0,4.9,1,1,Debit Card,2
820,55,Male,Jewelry & Accessories,36.0,4.8,1,1,Debit Card,2
821,56,Male,Clothing,39.0,2.5,1,1,Debit Card,2
822,62,Male,Clothing,39.0,3.9,1,1,Credit Card,2
823,35,Male,Clothing,59.0,3.4,1,1,Other,2
824,51,Male,Jewelry & Accessories,27.0,2.5,1,1,Credit Card,2
825,61,Male,Clothing,94.0,3.0,1,1,Cash,2
826,27,Male,Jewelry & Accessories,94.0,3.6,1,1,Cash,2
827,54,Male,Clothing,94.0,3.6,1,1,PayPal,2
828,31,Male,Clothing,51.0,4.1,1,1,Other,2
829,24,Male,Clothing,62.0,3.7,1,1,PayPal,2
830,42,Male,Clothing,57.0,3.1,1,1,Credit Card,2
831,41,Male,Clothing,76.0,4.2,1,1,Credit Card,2
832,66,Male,Jewelry & Accessories,63.0,4.3,1,1,Cash,2
833,58,Male,Clothing,80.0,2.5,1,1,Cash,2
834,43,Male,Jewelry & Accessories,68.0,3.5,1,1,Credit Card,2
835,52,Male,Jewelry & Accessories,89.0,3.1,1,1,Credit Card,2
836,35,Male,Clothing,26.0,2.5,1,1,Debit Card,2
837,23,Male,Jewelry & Accessories,90.0,3.9,1,1,Cash,2
838,25,Male,Clothing,28.0,4.9,1,1,Cash,2
839,33,Male,Clothing,29.0,4.3,1,1,Credit Card,2
840,48,Male,Clothing,31.0,2.6,1,1,Debit Card,2
841,42,Male,Clothing,24.0,4.2,1,1,PayPal,2
842,55,Male,Clothing,88.0,2.6,1,1,PayPal,2
843,59,Male,Clothing,87.0,3.6,1,1,PayPal,2
844,65,Male,Clothing,80.0,3.2,1,1,PayPal,2
845,59,Male,Clothing,48.0,4.4,1,1,Other,2
846,31,Male,Jewelry & Accessories,21.0,3.7,1,1,Other,2
847,49,Male,Clothing,72.0,3.7,1,1,Debit Card,2
848,53,Male,Clothing,44.0,4.1,1,1,PayPal,2
849,48,Male,Clothing,73.0,3.6,1,1,Credit Card,2
850,23,Male,Clothing,61.0,4.3,1,1,PayPal,2
851,68,Male,Clothing,20.0,2.6,1,1,Other,2
852,35,Male,Clothing,86.0,2.9,1,1,Debit Card,2
853,34,Male,Clothing,60.0,4.2,1,1,Debit Card,2
854,62,Male,Jewelry & Accessories,43.0,4.0,1,1,Cash,2
855,21,Male,Clothing,44.0,4.3,1,1,Other,2
856,70,Male,Clothing,76.0,3.0,1,1,Credit Card,2
857,55,Male,Clothing,33.0,3.5,1,1,Debit Card,2
858,43,Male,Clothing,60.0,3.0,1,1,Debit Card,2
859,19,Male,Clothing,26.0,3.1,1,1,PayPal,2
860,47,Male,Clothing,73.0,4.0,1,1,Debit Card,2
861,26,Male,Clothing,87.0,4.1,1,1,Cash,2
862,46,Male,Clothing,100.0,3.3,1,1,Credit Card,2
863,19,Male,Clothing,84.0,4.9,1,1,PayPal,2
864,49,Male,Clothing,41.0,3.9,1,1,PayPal,2
865,51,Male,Clothing,59.0,3.9,1,1,PayPal,2
866,64,Male,Clothing,26.0,4.8,1,1,Other,2
867,67,Male,Jewelry & Accessories,69.0,2.7,1,1,PayPal,2
868,37,Male,Clothing,20.0,3.1,1,1,Other,2
869,40,Male,Clothing,83.0,3.2,1,1,Credit Card,2
870,38,Male,Jewelry & Accessories,54.0,2.7,1,1,PayPal,2
871,66,Male,Clothing,66.0,2.5,1,1,Other,2
872,47,Male,Jewelry & Accessories,42.0,2.6,1,1,Debit Card,2
873,56,Male,Clothing,33.0,2.9,1,1,Cash,2
874,51,Male,Clothing,77.0,4.2,1,1,Other,2
875,25,Male,Clothing,65.0,4.4,1,1,Other,2
876,37,Male,Clothing,39.0,4.1,1,1,Other,2
877,41,Male,Jewelry & Accessories,51.0,3.8,1,1,Debit Card,2
878,64,Male,Jewelry & Accessories,65.0,4.9,1,1,Other,2
879,23,Male,Jewelry & Accessories,89.0,4.9,1,1,Debit Card,2
880,62,Male,Clothing,76.0,4.1,1,1,PayPal,2
881,39,Male,Jewelry & Accessories,75.0,3.1,1,1,Debit Card,2
882,52,Male,Clothing,61.0,2.7,1,1,Other,2
883,50,Male,Clothing,35.0,3.8,1,1,Cash,2
884,28,Male,Clothing,37.0,4.3,1,1,Other,2
885,67,Male,Clothing,91.0,4.1,1,1,Other,2
886,41,Male,Clothing,99.0,4.4,1,1,Debit Card,2
887,19,Male,Clothing,54.0,3.6,1,1,Other,2
888,70,Male,Jewelry & Accessories,47.0,3.3,1,1,PayPal,2
889,49,Male,Jewelry & Accessories,77.0,3.6,1,1,Cash,2
890,59,Male,Jewelry & Accessories,84.0,2.8,1,1,Other,2
891,52,Male,Jewelry & Accessories,51.0,4.3,1,1,Credit Card,2
892,20,Male,Clothing,26.0,3.9,1,1,PayPal,2
893,31,Male,Clothing,64.0,2.7,1,1,Debit Card,2
894,33,Male,Jewelry & Accessories,51.0,4.7,1,1,Other,2
895,44,Male,Clothing,60.0,3.8,1,1,Debit Card,2
896,40,Male,Jewelry & Accessories,69.0,4.7,1,1,Debit Card,2
897,69,Male,Jewelry & Accessories,29.0,4.7,1,1,Cash,2
898,29,Male,Clothing,91.0,3.4,1,1,Other,2
899,54,Male,Jewelry & Accessories,70.0,3.5,1,1,Other,2
900,65,Male,Clothing,58.0,4.0,1,1,PayPal,2
901,54,Male,Jewelry & Accessories,98.0,3.3,1,1,Other,2
902,60,Male,Jewelry & Accessories,68.0,4.7,1,1,Cash,2
903,43,Male,Jewelry & Accessories,44.0,2.8,1,1,Cash,2
904,44,Male,Clothing,45.0,3.3,1,1,PayPal,2
905,69,Male,Clothing,99.0,2.9,1,1,PayPal,2
906,46,Male,Clothing,68.0,2.8,1,1,Other,2
907,41,Male,Clothing,56.0,4.2,1,1,Debit Card,2
908,32,Male,Clothing,43.0,4.4,1,1,Credit Card,2
909,26,Male,Jewelry & Accessories,99.0,3.6,1,1,PayPal,2
910,61,Male,Jewelry & Accessories,56.0,2.7,1,1,PayPal,2
911,49,Male,Clothing,25.0,3.4,1,1,Credit Card,2
912,53,Male,Clothing,74.0,2.8,1,1,Other,2
913,24,Male,Clothing,56.0,3.4,1,1,Other,2
914,37,Male,Clothing,47.0,2.6,1,1,Cash,2
915,43,Male,Clothing,67.0,4.1,1,1,Other,2
916,31,Male,Clothing,22.0,2.9,1,1,Credit Card,2
917,49,Male,Clothing,34.0,2.7,1,1,Other,2
918,69,Male,Clothing,64.0,3.7,1,1,Other,2
919,65,Male,Clothing,42.0,4.3,1,1,Cash,2
920,41,Male,Clothing,82.0,2.6,1,1,Debit Card,2
921,37,Male,Jewelry & Accessories,81.0,4.3,1,1,Cash,2
922,70,Male,Clothing,24.0,4.1,1,1,PayPal,2
923,63,Male,Clothing,60.0,4.2,1,1,Credit Card,2
924,55,Male,Clothing,24.0,4.2,1,1,PayPal,2
925,52,Male,Clothing,78.0,3.1,1,1,Cash,2
926,22,Male,Clothing,88.0,4.9,1,1,Cash,2
927,54,Male,Clothing,63.0,4.4,1,1,Cash,2
928,28,Male,Clothing,78.0,4.4,1,1,Other,2
929,67,Male,Clothing,37.0,3.4,1,1,Cash,2
930,59,Male,Clothing,94.0,4.5,1,1,Debit Card,2
931,26,Male,Clothing,78.0,4.5,1,1,Credit Card,2
932,24,Male,Clothing,36.0,4.1,1,1,Other,2
933,62,Male,Clothing,24.0,3.2,1,1,Debit Card,2
934,70,Male,Clothing,84.0,2.7,1,1,Debit Card,2
935,45,Male,Clothing,47.0,3.7,1,1,Other,2
936,58,Male,Clothing,51.0,2.6,1,1,Other,2
937,31,Male,Clothing,84.0,2.7,1,1,Cash,2
938,32,Male,Clothing,24.0,2.7,1,1,Other,2
939,36,Male,Clothing,97.0,4.8,1,1,Debit Card,2
940,25,Male,Clothing,89.0,4.8,1,1,Credit Card,2
941,48,Male,Jewelry & Accessories,44.0,2.6,1,1,PayPal,2
942,39,Male,Jewelry & Accessories,35.0,4.5,1,1,PayPal,2
943,26,Male,Clothing,91.0,3.2,1,1,PayPal,2
944,32,Male,Jewelry & Accessories,63.0,3.8,1,1,Other,2
945,54,Male,Jewelry & Accessories,97.0,4.8,1,1,Cash,2
946,38,Male,Clothing,38.0,4.1,1,1,Other,2
947,46,Male,Clothing,24.0,2.8,1,1,PayPal,2
948,57,Male,Clothing,32.0,3.9,1,1,Cash,2
949,49,Male,Jewelry & Accessories,90.0,4.9,1,1,Other,2
950,33,Male,Clothing,36.0,3.4,1,1,Other,2
951,54,Male,Jewelry & Accessories,37.0,4.1,1,1,PayPal,2
952,47,Male,Clothing,51.0,2.9,1,1,Other,2
953,36,Male,Jewelry & Accessories,71.0,3.1,1,1,PayPal,2
954,68,Male,Jewelry & Accessories,50.0,3.6,1,1,Other,2
955,60,Male,Jewelry & Accessories,74.0,3.5,1,1,Credit Card,2
956,55,Male,Clothing,75.0,3.4,1,1,PayPal,2
957,29,Male,Clothing,99.0,2.9,1,1,Debit Card,2
958,38,Male,Jewelry & Accessories,23.0,4.7,1,1,Cash,2
959,70,Male,Clothing,53.0,4.4,1,1,Credit Card,2
960,36,Male,Clothing,99.0,2.6,1,1,Cash,2
961,18,Male,Jewelry & Accessories,48.0,4.4,1,1,Other,2
962,62,Male,Clothing,72.0,3.7,1,1,Debit Card,2
963,29,Male,Jewelry & Accessories,64.0,4.4,1,1,Debit Card,2
964,21,Male,Clothing,63.0,2.5,1,1,Credit Card,2
965,42,Male,Clothing,51.0,2.6,1,1,Other,2
966,43,Male,Clothing,55.0,5.0,1,1,Credit Card,2
967,58,Male,Clothing,55.0,4.9,1,1,Cash,2
968,27,Male,Clothing,26.0,3.7,1,1,Cash,2
969,57,Male,Clothing,67.0,3.1,1,1,Other,2
970,40,Male,Clothing,31.0,3.2,1,1,PayPal,2
971,45,Male,Clothing,66.0,4.4,1,1,Cash,2
972,47,Male,Jewelry & Accessories,67.0,4.3,1,1,Credit Card,2
973,61,Male,Clothing,61.0,3.0,1,1,Credit Card,2
974,60,Male,Clothing,75.0,3.5,1,1,Other,2
975,69,Male,Clothing,90.0,3.6,1,1,Other,2
976,58,Male,Clothing,40.0,3.8,1,1,Other,2
977,34,Male,Clothing,90.0,3.6,1,1,Credit Card,2
978,20,Male,Jewelry & Accessories,20.0,4.6,1,1,Cash,2
979,56,Male,Jewelry & Accessories,40.0,2.5,1,1,Credit Card,2
980,64,Male,Jewelry & Accessories,33.0,3.5,1,1,Debit Card,2
981,56,Male,Clothing,98.0,4.0,1,1,PayPal,2
982,27,Male,Jewelry & Accessories,42.0,3.5,1,1,Credit Card,2
983,35,Male,Clothing,62.0,3.2,1,1,PayPal,2
984,24,Male,Jewelry & Accessories,45.0,3.5,1,1,Other,2
985,26,Male,Clothing,78.0,3.4,1,1,Credit Card,2
986,32,Male,Jewelry & Accessories,80.0,5.0,1,1,Other,2
987,54,Male,Jewelry & Accessories,96.0,4.5,1,1,Other,2
988,62,Male,Jewelry & Accessories,47.0,2.8,1,1,PayPal,2
989,50,Male,Clothing,84.0,4.9,1,1,PayPal,2
990,70,Male,Clothing,31.0,3.1,1,1,Other,2
991,48,Male,Jewelry & Accessories,63.0,4.8,1,1,Cash,2
992,20,Male,Clothing,97.0,2.7,1,1,Other,2
993,46,Male,Clothing,99.0,4.6,1,1,Debit Card,2
994,51,Male,Clothing,90.0,4.4,1,1,Cash,2
995,53,Male,Clothing,68.0,3.2,1,1,Debit Card,2
996,44,Male,Jewelry & Accessories,80.0,3.0,1,1,Other,2
997,29,Male,Clothing,91.0,4.9,1,1,Other,2
998,64,Male,Clothing,30.0,3.6,1,1,Cash,2
999,51,Male,Clothing,90.0,3.8,1,1,Other,2
1000,50,Male,Clothing,28.0,2.9,1,1,Debit Card,2
1001,43,Male,Clothing,46.0,3.9,1,1,Other,2
1002,61,Male,Clothing,60.0,3.6,1,1,Debit Card,2
1003,55,Male,Clothing,59.0,3.5,1,1,Other,2
1004,56,Male,Jewelry & Accessories,68.0,4.0,1,1,Cash,2
1005,33,Male,Jewelry & Accessories,79.0,4.8,1,1,Cash,2
1006,43,Male,Jewelry & Accessories,94.0,3.9,1,1,Debit Card,2
1007,21,Male,Clothing,83.0,4.5,1,1,Other,2
1008,58,Male,Jewelry & Accessories,62.0,4.8,1,1,Credit Card,2
1009,41,Male,Jewelry & Accessories,85.0,2.6,1,1,PayPal,2
1010,39,Male,Clothing,30.0,3.1,1,1,Other,2
1011,54,Male,Clothing,24.0,4.7,1,1,Credit Card,2
1012,43,Male,Jewelry & Accessories,25.0,2.9,1,1,Debit Card,2
1013,28,Male,Clothing,37.0,3.8,1,1,Credit Card,2
1014,59,Male,Jewelry & Accessories,69.0,3.8,1,1,Other,2
1015,28,Male,Clothing,97.0,3.0,1,1,Debit Card,2
1016,68,Male,Jewelry & Accessories,24.0,4.1,1,1,Cash,2
1017,20,Male,Jewelry & Accessories,30.0,3.4,1,1,Other,2
1018,21,Male,Clothing,53.0,2.5,1,1,Credit Card,2
1019,50,Male,Clothing,70.0,4.9,1,1,Cash,2
1020,32,Male,Clothing,76.0,2.8,1,1,Other,2
1021,24,Male,Jewelry & Accessories,95.0,4.5,1,1,Debit Card,2
1022,55,Male,Clothing,51.0,4.9,1,1,PayPal,2
1023,61,Male,Jewelry & Accessories,41.0,4.9,1,1,Cash,2
1024,61,Male,Jewelry & Accessories,71.0,3.5,1,1,Other,2
1025,28,Male,Clothing,66.0,3.5,1,1,Other,2
1026,60,Male,Clothing,84.0,4.9,1,1,Credit Card,2
1027,49,Male,Jewelry & Accessories,95.0,3.0,1,1,PayPal,2
1028,33,Male,Jewelry & Accessories,90.0,2.8,1,1,Cash,2
1029,45,Male,Clothing,36.0,3.7,1,1,Cash,2
1030,29,Male,Jewelry & Accessories,22.0,3.6,1,1,Other,2
1031,58,Male,Clothing,89.0,3.3,1,1,Debit Card,2
1032,22,Male,Clothing,50.0,3.4,1,1,Cash,2
1033,55,Male,Clothing,36.0,4.0,1,1,Credit Card,2
1034,19,Male,Clothing,52.0,4.6,1,1,Other,2
1035,68,Male,Clothing,29.0,4.2,1,1,Other,2
1036,61,Male,Clothing,89.0,2.8,1,1,Other,2
1037,68,Male,Jewelry & Accessories,47.0,3.7,1,1,Other,2
1038,52,Male,Jewelry & Accessories,25.0,3.4,1,1,Debit Card,2
1039,41,Male,Clothing,74.0,3.0,1,1,Other,2
1040,29,Male,Jewelry & Accessories,46.0,4.8,1,1,Other,2
1041,68,Male,Clothing,22.0,4.0,1,1,Cash,2
1042,36,Male,Clothing,25.0,4.9,1,1,Cash,2
1043,55,Male,Jewelry & Accessories,80.0,4.9,1,1,Credit Card,2
1044,28,Male,Clothing,76.0,3.3,1,1,Debit Card,2
1045,39,Male,Clothing,30.0,4.4,1,1,Other,2
1046,54,Male,Clothing,79.0,3.5,1,1,PayPal,2
1047,40,Male,Clothing,22.0,4.2,1,1,Other,2
1048,31,Male,Clothing,36.0,4.2,1,1,Credit Card,2
1049,30,Male,Clothing,77.0,2.7,1,1,Other,2
1050,45,Male,Jewelry & Accessories,33.0,2.8,1,1,Cash,2
1051,48,Male,Clothing,64.0,3.8,1,1,Other,2
1052,45,Male,Clothing,53.0,2.6,1,1,PayPal,2
1053,60,Male,Clothing,36.0,3.0,1,1,Credit Card,2
1054,59,Male,Clothing,70.0,3.3,1,0,Debit Card,2
1055,18,Male,Clothing,96.0,4.9,1,0,PayPal,2
1056,70,Male,Clothing,27.0,3.3,1,0,Debit Card,2
1057,20,Male,Clothing,64.0,2.9,1,0,Other,2
1058,65,Male,Clothing,23.0,4.4,1,0,Credit Card,2
1059,29,Male,Jewelry & Accessories,33.0,3.1,1,0,Other,2
1060,22,Male,Clothing,34.0,2.5,1,0,Debit Card,2
1061,27,Male,Clothing,35.0,2.6,1,0,Debit Card,2
1062,36,Male,Clothing,62.0,4.4,1,0,Other,2
1063,59,Male,Clothing,75.0,2.6,1,0,Debit Card,2
1064,62,Male,Clothing,29.0,3.3,1,0,Cash,2
1065,34,Male,Jewelry & Accessories,28.0,3.5,1,0,Credit Card,2
1066,59,Male,Clothing,20.0,4.1,1,0,PayPal,2
1067,49,Male,Clothing,96.0,4.0,1,0,PayPal,2
1068,18,Male,Clothing,43.0,2.7,1,0,PayPal,2
1069,55,Male,Clothing,94.0,2.5,1,0,Credit Card,2
1070,38,Male,Clothing,81.0,4.3,1,0,Other,2
1071,50,Male,Jewelry & Accessories,75.0,3.3,1,0,Debit Card,2
1072,61,Male,Jewelry & Accessories,81.0,2.6,1,0,Credit Card,2
1073,48,Male,Clothing,92.0,3.5,1,0,Debit Card,2
1074,22,Male,Jewelry & Accessories,96.0,4.0,1,0,Credit Card,2
1075,48,Male,Jewelry & Accessories,71.0,2.6,1,0,Other,2
1076,57,Male,Jewelry & Accessories,50.0,4.9,1,0,Debit Card,2
1077,33,Male,Clothing,72.0,2.9,1,0,Other,2
1078,58,Male,Clothing,28.0,3.7,1,0,PayPal,2
1079,37,Male,Clothing,59.0,4.4,1,0,Credit Card,2
1080,18,Male,Clothing,33.0,4.4,1,0,Other,2
1081,65,Male,Jewelry & Accessories,59.0,3.8,1,0,Cash,2
1082,62,Male,Jewelry & Accessories,30.0,4.5,1,0,Credit Card,2
1083,54,Male,Jewelry & Accessories,85.0,2.6,1,0,Other,2
1084,35,Male,Jewelry & Accessories,97.0,3.3,1,0,Cash,2
1085,34,Male,Clothing,36.0,4.1,1,0,Cash,2
1086,25,Male,Jewelry & Accessories,85.0,3.0,1,0,Other,2
1087,53,Male,Jewelry & Accessories,62.0,3.0,1,0,PayPal,2
1088,45,Male,Clothing,71.0,3.4,1,0,Other,2
1089,49,Male,Clothing,21.0,2.7,1,0,PayPal,2
1090,40,Male,Jewelry & Accessories,61.0,3.8,1,0,PayPal,2
1091,38,Male,Jewelry & Accessories,58.0,4.2,1,0,Cash,2
1092,44,Male,Clothing,80.0,4.7,1,0,Credit Card,2
1093,68,Male,Jewelry & Accessories,50.0,4.1,1,0,Other,2
1094,60,Male,Clothing,48.0,4.2,1,0,Other,2
1095,25,Male,Jewelry & Accessories,40.0,4.8,1,0,Cash,2
1096,19,Male,Clothing,34.0,3.0,1,0,Other,2
1097,57,Male,Clothing,46.0,2.6,1,0,Credit Card,2
1098,58,Male,Jewelry & Accessories,27.0,3.2,1,0,Other,2
1099,49,Male,Jewelry & Accessories,98.0,3.6,1,0,Credit Card,2
1100,19,Male,Clothing,73.0,2.6,1,0,Other,2
1101,50,Male,Clothing,28.0,4.4,1,0,Credit Card,2
1102,30,Male,Jewelry & Accessories,76.0,3.0,1,0,Cash,2
1103,52,Male,Clothing,83.0,2.9,1,0,Cash,2
1104,35,Male,Clothing,23.0,4.3,1,0,Debit Card,2
1105,35,Male,Jewelry & Accessories,28.0,3.1,1,0,Other,2
1106,33,Male,Clothing,83.0,3.0,1,0,Other,2
1107,52,Male,Clothing,96.0,3.6,1,0,Other,2
1108,69,Male,Clothing,62.0,2.8,1,0,Other,2
1109,27,Male,Clothing,25.0,2.8,1,0,Cash,2
1110,66,Male,Clothing,97.0,4.9,1,0,Other,2
1111,28,Male,Clothing,61.0,3.0,1,0,Cash,2
1112,22,Male,Clothing,66.0,4.1,1,0,Credit Card,2
1113,69,Male,Clothing,67.0,4.6,1,0,PayPal,2
1114,28,Male,Jewelry & Accessories,80.0,4.8,1,0,PayPal,2
1115,55,Male,Clothing,25.0,2.6,1,0,Other,2
1116,30,Male,Jewelry & Accessories,58.0,4.0,1,0,Cash,2
1117,67,Male,Jewelry & Accessories,96.0,4.2,1,0,PayPal,2
1118,25,Male,Jewelry & Accessories,77.0,4.5,1,0,Credit Card,2
1119,49,Male,Jewelry & Accessories,65.0,4.9,1,0,PayPal,2
1120,34,Male,Jewelry & Accessories,36.0,3.1,1,0,Credit Card,2
1121,22,Male,Clothing,84.0,4.0,1,0,Debit Card,2
1122,63,Male,Clothing,58.0,3.2,1,0,Cash,2
1123,70,Male,Jewelry & Accessories,62.0,4.3,1,0,Credit Card,2
1124,36,Male,Jewelry & Accessories,67.0,2.5,1,0,Cash,2
1125,42,Male,Clothing,20.0,4.9,1,0,Cash,2
1126,27,Male,Clothing,90.0,2.7,1,0,Other,2
1127,23,Male,Jewelry & Accessories,58.0,3.4,1,0,Other,2
1128,50,Male,Clothing,53.0,4.8,1,0,Debit Card,2
1129,56,Male,Jewelry & Accessories,30.0,4.7,1,0,Debit Card,2
1130,37,Male,Clothing,65.0,4.7,1,0,Other,2
1131,67,Male,Jewelry & Accessories,41.0,3.9,1,0,PayPal,2
1132,67,Male,Clothing,73.0,3.7,1,0,Other,2
1133,50,Male,Clothing,98.0,4.3,1,0,Cash,2
1134,36,Male,Clothing,36.0,4.1,1,0,Cash,2
1135,62,Male,Clothing,81.0,4.6,1,0,Other,2
1136,65,Male,Clothing,90.0,3.6,1,0,Other,2
1137,23,Male,Jewelry & Accessories,83.0,4.8,1,0,Cash,2
1138,46,Male,Clothing,91.0,2.8,1,0,Other,2
1139,18,Male,Clothing,36.0,4.7,1,0,Other,2
1140,58,Male,Clothing,53.0,3.9,1,0,Debit Card,2
1141,31,Male,Clothing,39.0,2.6,1,0,Credit Card,2
1142,39,Male,Jewelry & Accessories,33.0,4.7,1,0,PayPal,2
1143,69,Male,Clothing,76.0,3.5,1,0,Other,2
1144,68,Male,Clothing,23.0,4.4,1,0,PayPal,2
1145,41,Male,Clothing,54.0,4.4,1,0,Other,2
1146,31,Male,Clothing,89.0,3.0,1,0,Cash,2
1147,48,Male,Clothing,38.0,4.2,1,0,Other,2
1148,59,Male,Jewelry & Accessories,36.0,4.3,1,0,Debit Card,2
1149,34,Male,Clothing,66.0,2.6,1,0,PayPal,2
1150,21,Male,Jewelry & Accessories,42.0,3.3,1,0,Other,2
1151,29,Male,Jewelry & Accessories,36.0,2.7,1,0,Other,2
1152,41,Male,Clothing,86.0,4.2,1,0,Credit Card,2
1153,62,Male,Jewelry & Accessories,49.0,4.0,1,0,PayPal,2
1154,27,Male,Clothing,41.0,4.0,1,0,Other,2
1155,49,Male,Clothing,82.0,2.9,1,0,Credit Card,2
1156,67,Male,Clothing,53.0,2.6,1,0,PayPal,2
1157,20,Male,Clothing,21.0,4.8,1,0,Other,2
1158,37,Male,Jewelry & Accessories,66.0,4.4,1,0,Cash,2
1159,69,Male,Jewelry & Accessories,89.0,4.0,1,0,Other,2
1160,66,Male,Jewelry & Accessories,55.0,3.6,1,0,Other,2
1161,37,Male,Jewelry & Accessories,42.0,3.2,1,0,Other,2
1162,63,Male,Clothing,52.0,3.1,1,0,PayPal,2
1163,47,Male,Clothing,92.0,4.2,1,0,PayPal,2
1164,26,Male,Clothing,56.0,3.0,1,0,Debit Card,2
1165,68,Male,Clothing,96.0,4.2,1,0,PayPal,2
1166,51,Male,Clothing,64.0,2.9,1,0,Other,2
1167,48,Male,Clothing,48.0,3.7,1,0,Other,2
1168,60,Male,Clothing,83.0,3.6,1,0,PayPal,2
1169,68,Male,Jewelry & Accessories,91.0,3.6,1,0,Debit Card,2
1170,25,Male,Jewelry & Accessories,94.0,4.5,1,0,Cash,2
1171,57,Male,Clothing,62.0,3.2,1,0,Cash,2
1172,41,Male,Clothing,55.0,3.9,1,0,Debit Card,2
1173,59,Male,Clothing,68.0,4.6,1,0,Other,2
1174,44,Male,Jewelry & Accessories,76.0,2.5,1,0,Cash,2
1175,42,Male,Jewelry & Accessories,31.0,4.3,1,0,Other,2
1176,35,Male,Jewelry & Accessories,81.0,4.1,1,0,PayPal,2
1177,36,Male,Clothing,83.0,4.6,1,0,PayPal,2
1178,54,Male,Clothing,21.0,4.8,1,0,Debit Card,2
1179,37,Male,Clothing,22.0,4.9,1,0,Debit Card,2
1180,20,Male,Clothing,33.0,2.8,1,0,Other,2
1181,23,Male,Clothing,23.0,4.9,1,0,Cash,2
1182,61,Male,Clothing,96.0,3.5,1,0,Other,2
1183,37,Male,Jewelry & Accessories,21.0,3.8,1,0,PayPal,2
1184,23,Male,Clothing,39.0,4.5,1,0,Credit Card,2
1185,63,Male,Jewelry & Accessories,73.0,3.4,1,0,Credit Card,2
1186,47,Male,Clothing,64.0,3.9,1,0,Credit Card,2
1187,63,Male,Clothing,68.0,4.1,1,0,Credit Card,2
1188,56,Male,Jewelry & Accessories,89.0,3.0,1,0,Credit Card,2
1189,68,Male,Clothing,29.0,3.3,1,0,Credit Card,2
1190,64,Male,Clothing,97.0,4.9,1,0,Debit Card,2
1191,62,Male,Clothing,45.0,4.3,1,0,Credit Card,2
1192,34,Male,Clothing,70.0,4.1,1,0,Other,2
1193,49,Male,Clothing,56.0,4.0,1,0,Other,2
1194,40,Male,Clothing,55.0,5.0,1,0,Credit Card,2
1195,50,Male,Clothing,46.0,3.1,1,0,Credit Card,2
1196,25,Male,Jewelry & Accessories,95.0,4.0,1,0,Other,2
1197,30,Male,Jewelry & Accessories,88.0,3.2,1,0,Other,2
1198,54,Male,Clothing,92.0,3.9,1,0,PayPal,2
1199,40,Male,Clothing,49.0,3.9,1,0,Cash,2
1200,49,Male,Clothing,89.0,4.5,1,0,Debit Card,2
1201,27,Male,Clothing,22.0,4.4,1,0,PayPal,2
1202,27,Male,Clothing,61.0,3.1,1,0,Other,2
1203,48,Male,Jewelry & Accessories,29.0,2.9,1,0,Other,2
1204,40,Male,Clothing,82.0,3.7,1,0,Other,2
1205,67,Male,Jewelry & Accessories,94.0,3.2,1,0,Credit Card,2
1206,52,Male,Jewelry & Accessories,99.0,3.5,1,0,Other,2
1207,22,Male,Jewelry & Accessories,59.0,3.0,1,0,Other,2
1208,62,Male,Clothing,90.0,4.1,1,0,Credit Card,2
1209,20,Male,Clothing,100.0,2.9,1,0,Debit Card,2
1210,41,Male,Clothing,62.0,3.8,1,0,Other,2
1211,34,Male,Jewelry & Accessories,78.0,4.1,1,0,Cash,2
1212,23,Male,Clothing,94.0,4.6,1,0,Other,2
1213,32,Male,Clothing,74.0,2.5,1,0,Credit Card,2
1214,68,Male,Jewelry & Accessories,52.0,3.7,1,0,Debit Card,2
1215,30,Male,Clothing,81.0,3.8,1,0,Cash,2
1216,66,Male,Clothing,20.0,2.6,1,0,Credit Card,2
1217,62,Male,Clothing,32.0,3.7,1,0,Other,2
1218,50,Male,Clothing,63.0,2.6,1,0,Cash,2
1219,55,Male,Clothing,79.0,3.1,1,0,Cash,2
1220,19,Male,Clothing,23.0,2.5,1,0,Credit Card,2
1221,67,Male,Jewelry & Accessories,64.0,4.9,1,0,Other,2
1222,18,Male,Clothing,69.0,4.5,1,0,Cash,2
1223,58,Male,Clothing,69.0,3.4,1,0,Other,2
1224,69,Male,Clothing,24.0,3.9,1,0,Other,2
1225,62,Male,Clothing,50.0,3.7,1,0,Other,2
1226,28,Male,Jewelry & Accessories,97.0,2.6,1,0,Debit Card,2
1227,53,Male,Clothing,91.0,3.4,1,0,Other,2
1228,27,Male,Clothing,37.0,4.9,1,0,Other,2
1229,55,Male,Clothing,55.0,3.9,1,0,Cash,2
1230,34,Male,Jewelry & Accessories,52.0,3.6,1,0,Other,2
1231,25,Male,Jewelry & Accessories,80.0,4.6,1,0,Other,2
1232,66,Male,Clothing,79.0,4.0,1,0,Credit Card,2
1233,57,Male,Jewelry & Accessories,23.0,3.6,1,0,Debit Card,2
1234,46,Male,Clothing,73.0,3.5,1,0,Other,2
1235,38,Male,Jewelry & Accessories,99.0,4.1,1,0,Other,2
1236,23,Male,Clothing,22.0,3.0,1,0,PayPal,2
1237,42,Male,Jewelry & Accessories,68.0,4.4,1,0,Debit Card,2
1238,25,Male,Clothing,92.0,4.4,1,0,Credit Card,2
1239,55,Male,Clothing,77.0,3.7,1,0,Other,2
1240,62,Male,Clothing,37.0,4.8,1,0,Debit Card,2
1241,41,Male,Jewelry & Accessories,79.0,2.9,1,0,Debit Card,2
1242,58,Male,Clothing,51.0,3.1,1,0,Credit Card,2
1243,56,Male,Clothing,27.0,4.0,1,0,Other,2
1244,25,Male,Clothing,23.0,3.0,1,0,Debit Card,2
1245,70,Male,Clothing,76.0,3.9,1,0,Cash,2
1246,42,Male,Clothing,31.0,3.4,1,0,Other,2
1247,27,Male,Clothing,60.0,2.7,1,0,Cash,2
1248,65,Male,Clothing,99.0,3.5,1,0,Other,2
1249,62,Male,Jewelry & Accessories,37.0,3.0,1,0,Credit Card,2
1250,62,Male,Clothing,50.0,4.5,1,0,Other,2
1251,52,Male,Clothing,26.0,4.1,1,0,Cash,2
1252,56,Male,Clothing,86.0,5.0,1,0,Credit Card,2
1253,28,Male,Clothing,41.0,4.0,1,0,Cash,2
1254,39,Male,Clothing,23.0,4.9,1,0,PayPal,2
1255,54,Male,Clothing,56.0,3.3,1,0,Credit Card,2
1256,30,Male,Jewelry & Accessories,68.0,4.1,1,0,Cash,2
1257,45,Male,Clothing,48.0,3.6,1,0,Cash,2
1258,68,Male,Clothing,67.0,3.0,1,0,Cash,2
1259,47,Male,Clothing,87.0,4.1,1,0,Debit Card,2
1260,68,Male,Clothing,64.0,3.9,1,0,Credit Card,2
1261,63,Male,Clothing,93.0,4.1,1,0,Debit Card,2
1262,20,Male,Clothing,29.0,2.8,1,0,Credit Card,2
1263,29,Male,Clothing,62.0,4.8,1,0,Other,2
1264,41,Male,Clothing,70.0,4.6,1,0,Credit Card,2
1265,52,Male,Clothing,92.0,2.5,1,0,Other,2
1266,32,Male,Clothing,79.0,2.7,1,0,Other,2
1267,20,Male,Clothing,31.0,4.0,1,0,Debit Card,2
1268,47,Male,Clothing,83.0,2.7,1,0,Cash,2
1269,23,Male,Clothing,88.0,2.9,1,0,Debit Card,2
1270,43,Male,Jewelry & Accessories,53.0,3.0,1,0,PayPal,2
1271,67,Male,Clothing,98.0,3.3,1,0,Cash,2
1272,70,Male,Jewelry & Accessories,57.0,4.3,1,0,PayPal,2
1273,35,Male,Clothing,80.0,4.4,1,0,Other,2
1274,41,Male,Clothing,29.0,4.1,1,0,Credit Card,2
1275,54,Male,Jewelry & Accessories,73.0,3.1,1,0,PayPal,2
1276,55,Male,Clothing,32.0,4.5,1,0,PayPal,2
1277,51,Male,Clothing,68.0,4.8,1,0,Other,2
1278,19,Male,Clothing,97.0,5.0,1,0,Other,2
1279,28,Male,Clothing,98.0,2.8,1,0,Other,2
1280,63,Male,Clothing,56.0,3.7,1,0,Debit Card,2
1281,30,Male,Clothing,78.0,4.4,1,0,Other,2
1282,29,Male,Jewelry & Accessories,81.0,4.5,1,0,Other,2
1283,24,Male,Clothing,68.0,3.0,1,0,Other,2
1284,69,Male,Clothing,94.0,3.9,1,0,Debit Card,2
1285,65,Male,Clothing,93.0,3.9,1,0,PayPal,2
1286,64,Male,Jewelry & Accessories,99.0,3.5,1,0,Other,2
1287,40,Male,Jewelry & Accessories,49.0,4.9,1,0,Debit Card,2
1288,24,Male,Clothing,28.0,3.4,1,0,PayPal,2
1289,66,Male,Jewelry & Accessories,93.0,4.1,1,0,PayPal,2
1290,35,Male,Clothing,24.0,2.9,1,0,PayPal,2
1291,67,Male,Clothing,35.0,3.4,1,0,PayPal,2
1292,69,Male,Clothing,68.0,3.2,1,0,Debit Card,2
1293,26,Male,Jewelry & Accessories,61.0,3.9,1,0,Other,2
1294,23,Male,Clothing,74.0,4.1,1,0,Debit Card,2
1295,27,Male,Clothing,64.0,4.5,1,0,Cash,2
1296,30,Male,Clothing,60.0,2.8,1,0,PayPal,2
1297,48,Male,Clothing,29.0,2.8,1,0,Cash,2
1298,44,Male,Clothing,85.0,4.6,1,0,Other,2
1299,29,Male,Clothing,81.0,3.0,1,0,Other,2
1300,29,Male,Jewelry & Accessories,23.0,3.6,1,0,Other,2
1301,67,Male,Clothing,100.0,4.5,1,0,Credit Card,2
1302,42,Male,Clothing,54.0,5.0,1,0,Debit Card,2
1303,23,Male,Clothing,25.0,2.9,1,0,Credit Card,2
1304,34,Male,Clothing,32.0,3.1,1,0,Credit Card,2
1305,64,Male,Jewelry & Accessories,63.0,4.0,1,0,PayPal,2
1306,31,Male,Clothing,56.0,4.5,1,0,PayPal,2
1307,54,Male,Clothing,33.0,4.5,1,0,PayPal,2
1308,23,Male,Clothing,32.0,3.1,1,0,PayPal,2
1309,59,Male,Clothing,38.0,4.4,1,0,Credit Card,2
1310,32,Male,Clothing,21.0,4.7,1,0,Cash,2
1311,43,Male,Clothing,59.0,3.1,1,0,Credit Card,2
1312,32,Male,Clothing,87.0,4.2,1,0,Other,2
1313,66,Male,Clothing,79.0,3.0,1,0,Other,2
1314,70,Male,Clothing,28.0,2.6,1,0,Credit Card,2
1315,42,Male,Clothing,67.0,3.4,1,0,Debit Card,2
1316,56,Male,Clothing,75.0,4.2,1,0,Debit Card,2
1317,28,Male,Jewelry & Accessories,32.0,4.6,1,0,Debit Card,2
1318,28,Male,Clothing,43.0,2.8,1,0,Cash,2
1319,52,Male,Clothing,93.0,2.7,1,0,Credit Card,2
1320,65,Male,Jewelry & Accessories,24.0,4.0,1,0,Other,2
1321,56,Male,Jewelry & Accessories,31.0,3.1,1,0,Debit Card,2
1322,59,Male,Clothing,84.0,3.7,1,0,Other,2
1323,23,Male,Clothing,74.0,4.0,1,0,Other,2
1324,58,Male,Clothing,62.0,4.6,1,0,Debit Card,2
1325,39,Male,Jewelry & Accessories,77.0,3.8,1,0,Credit Card,2
1326,28,Male,Jewelry & Accessories,73.0,3.5,1,0,Cash,2
1327,40,Male,Clothing,50.0,4.6,1,0,Cash,2
1328,52,Male,Clothing,40.0,2.8,1,0,Cash,2
1329,37,Male,Clothing,97.0,3.7,1,0,Other,2
1330,70,Male,Jewelry & Accessories,63.0,3.3,1,0,PayPal,2
1331,30,Male,Jewelry & Accessories,65.0,2.9,1,0,PayPal,2
1332,38,Male,Clothing,91.0,3.2,1,0,PayPal,2
1333,66,Male,Clothing,60.0,4.3,1,0,Other,2
1334,29,Male,Clothing,69.0,2.7,1,0,Other,2
1335,46,Male,Clothing,52.0,4.2,1,0,Other,2
1336,56,Male,Clothing,49.0,4.8,1,0,Credit Card,2
1337,23,Male,Clothing,85.0,4.8,1,0,Debit Card,2
1338,37,Male,Clothing,86.0,3.4,1,0,Credit Card,2
1339,56,Male,Jewelry & Accessories,51.0,2.6,1,0,PayPal,2
1340,36,Male,Jewelry & Accessories,56.0,5.0,1,0,Other,2
1341,40,Male,Jewelry & Accessories,72.0,4.4,1,0,Debit Card,2
1342,26,Male,Clothing,27.0,2.9,1,0,Other,2
1343,57,Male,Jewelry & Accessories,43.0,3.4,1,0,Other,2
1344,68,Male,Clothing,56.0,3.4,1,0,Other,2
1345,56,Male,Clothing,37.0,4.9,1,0,Cash,2
1346,40,Male,Clothing,21.0,3.6,1,0,Other,2
1347,44,Male,Clothing,91.0,3.0,1,0,Other,2
1348,44,Male,Clothing,95.0,3.9,1,0,Other,2
1349,19,Male,Jewelry & Accessories,54.0,3.2,1,0,Credit Card,2
1350,21,Male,Clothing,36.0,3.2,1,0,Cash,2
1351,31,Male,Jewelry & Accessories,71.0,4.3,1,0,Cash,2
1352,30,Male,Clothing,31.0,2.8,1,0,Other,2
1353,65,Male,Jewelry & Accessories,89.0,4.5,1,0,Credit Card,2
1354,39,Male,Clothing,83.0,4.1,1,0,Cash,2
1355,64,Male,Jewelry & Accessories,42.0,3.6,1,0,Other,2
1356,59,Male,Clothing,91.0,3.0,1,0,PayPal,2
1357,49,Male,Clothing,61.0,4.0,1,0,Other,2
1358,24,Male,Jewelry & Accessories,66.0,3.5,1,0,Cash,2
1359,19,Male,Jewelry & Accessories,22.0,2.5,1,0,Other,2
1360,27,Male,Clothing,68.0,4.3,1,0,Other,2
1361,56,Male,Clothing,43.0,2.8,1,0,Other,2
1362,49,Male,Clothing,32.0,3.7,1,0,Debit Card,2
1363,41,Male,Clothing,46.0,4.3,1,0,Cash,2
1364,36,Male,Clothing,90.0,4.0,1,0,PayPal,2
1365,68,Male,Jewelry & Accessories,75.0,4.7,1,0,Cash,2
1366,28,Male,Jewelry & Accessories,69.0,4.5,1,0,Other,2
1367,45,Male,Jewelry & Accessories,40.0,3.1,1,0,Credit Card,2
1368,60,Male,Jewelry & Accessories,63.0,3.8,1,0,Cash,2
1369,21,Male,Clothing,36.0,4.9,1,0,Cash,2
1370,32,Male,Clothing,75.0,3.2,1,0,Other,2
1371,27,Male,Jewelry & Accessories,67.0,2.9,1,0,Other,2
1372,40,Male,Clothing,64.0,2.8,1,0,Credit Card,2
1373,64,Male,Clothing,61.0,4.0,1,0,PayPal,2
1374,18,Male,Jewelry & Accessories,40.0,2.6,1,0,Cash,2
1375,22,Male,Jewelry & Accessories,97.0,2.7,1,0,Other,2
1376,42,Male,Clothing,31.0,4.1,1,0,Credit Card,2
1377,57,Male,Clothing,65.0,5.0,1,0,PayPal,2
1378,33,Male,Jewelry & Accessories,54.0,3.0,1,0,Other,2
1379,37,Male,Clothing,49.0,3.6,1,0,Other,2
1380,21,Male,Clothing,64.0,2.8,1,0,Other,2
1381,51,Male,Clothing,35.0,4.6,1,0,Cash,2
1382,30,Male,Clothing,86.0,2.9,1,0,Other,2
1383,68,Male,Clothing,55.0,4.8,1,0,Other,2
1384,36,Male,Jewelry & Accessories,58.0,3.3,1,0,Other,2
1385,46,Male,Clothing,96.0,4.6,1,0,Other,2
1386,41,Male,Jewelry & Accessories,64.0,2.6,1,0,Other,2
1387,68,Male,Clothing,56.0,4.0,1,0,Debit Card,2
1388,21,Male,Clothing,85.0,3.8,1,0,Credit Card,2
1389,62,Male,Clothing,23.0,3.9,1,0,Cash,2
1390,59,Male,Jewelry & Accessories,72.0,2.6,1,0,Debit Card,2
1391,25,Male,Jewelry & Accessories,38.0,4.3,1,0,Debit Card,2
1392,53,Male,Clothing,29.0,3.6,1,0,Credit Card,2
1393,31,Male,Jewelry & Accessories,46.0,4.2,1,0,Other,2
1394,46,Male,Jewelry & Accessories,58.0,3.9,1,0,PayPal,2
1395,26,Male,Clothing,43.0,4.7,1,0,Cash,2
1396,47,Male,Jewelry & Accessories,32.0,2.8,1,0,PayPal,2
1397,37,Male,Clothing,30.0,3.0,1,0,Debit Card,2
1398,55,Male,Jewelry & Accessories,67.0,4.7,1,0,PayPal,2
1399,30,Male,Clothing,45.0,2.5,1,0,Credit Card,2
1400,19,Male,Jewelry & Accessories,81.0,3.1,1,0,Other,2
1401,36,Male,Jewelry & Accessories,23.0,3.6,1,0,Credit Card,2
1402,23,Male,Clothing,59.0,3.5,1,0,PayPal,2
1403,62,Male,Jewelry & Accessories,21.0,3.1,1,0,PayPal,2
1404,26,Male,Jewelry & Accessories,20.0,3.6,1,0,Credit Card,2
1405,36,Male,Jewelry & Accessories,28.0,3.5,1,0,Debit Card,2
1406,33,Male,Clothing,100.0,2.7,1,0,Credit Card,2
1407,32,Male,Clothing,46.0,3.6,1,0,Debit Card,2
1408,56,Male,Jewelry & Accessories,61.0,4.5,1,0,Credit Card,2
1409,58,Male,Clothing,58.0,4.1,1,0,Other,2
1410,34,Male,Jewelry & Accessories,50.0,4.2,1,0,Cash,2
1411,61,Male,Jewelry & Accessories,93.0,4.0,1,0,Debit Card,2
1412,48,Male,Clothing,24.0,2.8,1,0,Other,2
1413,25,Male,Clothing,100.0,2.6,1,0,Other,2
1414,51,Male,Clothing,79.0,2.7,1,0,Other,2
1415,29,Male,Clothing,51.0,4.5,1,0,Credit Card,2
1416,54,Male,Jewelry & Accessories,90.0,3.7,1,0,Credit Card,2
1417,48,Male,Clothing,56.0,3.4,1,0,Cash,2
1418,62,Male,Clothing,25.0,4.6,1,0,Debit Card,2
1419,18,Male,Clothing,75.0,4.1,1,0,Other,2
1420,43,Male,Jewelry & Accessories,75.0,2.6,1,0,Debit Card,2
1421,22,Male,Clothing,53.0,4.6,1,0,PayPal,2
1422,68,Male,Clothing,100.0,3.0,1,0,Other,2
1423,44,Male,Clothing,27.0,3.4,1,0,PayPal,2
1424,51,Male,Clothing,60.0,3.5,1,0,Other,2
1425,66,Male,Clothing,23.0,3.5,1,0,Other,2
1426,59,Male,Clothing,40.0,3.7,1,0,Credit Card,2
1427,60,Male,Clothing,38.0,4.8,1,0,PayPal,2
1428,31,Male,Jewelry & Accessories,90.0,4.9,1,0,Credit Card,2
1429,20,Male,Clothing,97.0,4.9,1,0,PayPal,2
1430,24,Male,Clothing,38.0,4.7,1,0,Credit Card,2
1431,48,Male,Clothing,30.0,4.9,1,0,Credit Card,2
1432,39,Male,Clothing,88.0,2.9,1,0,Other,2
1433,34,Male,Jewelry & Accessories,33.0,4.4,1,0,Debit Card,2
1434,70,Male,Clothing,60.0,3.2,1,0,Debit Card,2
1435,59,Male,Clothing,64.0,4.6,1,0,Debit Card,2
1436,45,Male,Jewelry & Accessories,95.0,4.0,1,0,Cash,2
1437,35,Male,Clothing,83.0,3.7,1,0,PayPal,2
1438,69,Male,Clothing,97.0,4.2,1,0,Cash,2
1439,58,Male,Clothing,38.0,2.9,1,0,Debit Card,2
1440,25,Male,Clothing,48.0,4.8,1,0,Cash,2
1441,27,Male,Clothing,76.0,4.4,1,0,Other,2
1442,34,Male,Clothing,25.0,3.4,1,0,Other,2
1443,53,Male,Clothing,92.0,2.8,1,0,Credit Card,2
1444,58,Male,Clothing,47.0,4.2,1,0,Cash,2
1445,32,Male,Clothing,36.0,3.8,1,0,Cash,2
1446,64,Male,Jewelry & Accessories,51.0,3.1,1,0,Credit Card,2
1447,63,Male,Clothing,35.0,3.2,1,0,Credit Card,2
1448,23,Male,Clothing,57.0,3.0,1,0,PayPal,2
1449,64,Male,Clothing,95.0,3.6,1,0,Credit Card,2
1450,18,Male,Clothing,41.0,2.5,1,0,Cash,2
1451,25,Male,Clothing,44.0,3.4,1,0,Cash,2
1452,54,Male,Clothing,34.0,2.5,1,0,PayPal,2
1453,60,Male,Clothing,25.0,4.7,1,0,Other,2
1454,36,Male,Clothing,93.0,3.2,1,0,Other,2
1455,66,Male,Clothing,50.0,2.9,1,0,Credit Card,2
1456,60,Male,Clothing,79.0,4.9,1,0,PayPal,2
1457,59,Male,Clothing,100.0,2.7,1,0,PayPal,2
1458,58,Male,Clothing,57.0,4.7,1,0,Other,2
1459,35,Male,Clothing,28.0,2.9,1,0,Other,2
1460,20,Male,Clothing,35.0,4.8,1,0,Other,2
1461,70,Male,Clothing,85.0,4.6,1,0,Other,2
1462,54,Male,Jewelry & Accessories,95.0,5.0,1,0,Other,2
1463,38,Male,Clothing,90.0,4.8,1,0,Other,2
1464,54,Male,Jewelry & Accessories,49.0,4.9,1,0,Other,2
1465,33,Male,Jewelry & Accessories,92.0,4.6,1,0,Other,2
1466,46,Male,Jewelry & Accessories,72.0,3.9,1,0,Cash,2
1467,58,Male,Clothing,71.0,4.5,1,0,PayPal,2
1468,30,Male,Jewelry & Accessories,27.0,4.7,1,0,Debit Card,2
1469,42,Male,Jewelry & Accessories,39.0,3.9,1,0,Cash,2
1470,28,Male,Jewelry & Accessories,98.0,4.4,1,0,PayPal,2
1471,43,Male,Clothing,27.0,3.9,1,0,Cash,2
1472,31,Male,Jewelry & Accessories,71.0,2.8,1,0,Other,2
1473,39,Male,Jewelry & Accessories,24.0,3.5,1,0,Cash,2
1474,69,Male,Clothing,63.0,4.3,1,0,Credit Card,2
1475,31,Male,Clothing,72.0,3.9,1,0,Credit Card,2
1476,44,Male,Clothing,61.0,4.0,1,0,Cash,2
1477,39,Male,Jewelry & Accessories,56.0,4.1,1,0,Credit Card,2
1478,24,Male,Jewelry & Accessories,32.0,4.3,1,0,PayPal,2
1479,28,Male,Jewelry & Accessories,23.0,4.2,1,0,Other,2
1480,48,Male,Clothing,100.0,4.0,1,0,Other,2
1481,39,Male,Jewelry & Accessories,74.0,3.6,1,0,Cash,2
1482,64,Male,Clothing,33.0,3.3,1,0,PayPal,2
1483,28,Male,Jewelry & Accessories,67.0,4.1,1,0,Other,2
1484,39,Male,Jewelry & Accessories,61.0,4.7,1,0,Debit Card,2
1485,49,Male,Clothing,46.0,4.4,1,0,Other,2
1486,22,Male,Jewelry & Accessories,56.0,3.4,1,0,Cash,2
1487,25,Male,Clothing,73.0,5.0,1,0,Other,2
1488,40,Male,Clothing,44.0,4.6,1,0,PayPal,2
1489,23,Male,Jewelry & Accessories,44.0,4.0,1,0,Credit Card,2
1490,24,Male,Jewelry & Accessories,26.0,4.1,1,0,Other,2
1491,66,Male,Clothing,52.0,4.9,1,0,Other,2
1492,27,Male,Clothing,54.0,2.7,1,0,Other,2
1493,62,Male,Clothing,38.0,4.5,1,0,Other,2
1494,70,Male,Jewelry & Accessories,44.0,2.7,1,0,Credit Card,2
1495,43,Male,Clothing,76.0,3.0,1,0,Other,2
1496,45,Male,Jewelry & Accessories,23.0,4.5,1,0,PayPal,2
1497,63,Male,Clothing,98.0,5.0,1,0,Other,2
1498,69,Male,Clothing,33.0,3.8,1,0,Debit Card,2
1499,59,Male,Clothing,32.0,3.1,1,0,Other,2
1500,19,Male,Clothing,85.0,3.4,1,0,Credit Card,2
1501,63,Male,Clothing,69.0,4.8,1,0,Debit Card,2
1502,37,Male,Clothing,55.0,2.7,1,0,Debit Card,2
1503,37,Male,Clothing,66.0,3.2,1,0,Cash,2
1504,50,Male,Clothing,30.0,3.9,1,0,Cash,2
1505,60,Male,Clothing,80.0,4.2,1,0,Other,2
1506,46,Male,Jewelry & Accessories,20.0,3.0,1,0,Cash,2
1507,35,Male,Clothing,30.0,3.0,1,0,PayPal,2
1508,66,Male,Clothing,86.0,3.7,1,0,Other,2
1509,35,Male,Clothing,84.0,4.4,1,0,Cash,2
1510,20,Male,Clothing,54.0,4.6,1,0,Debit Card,2
1511,55,Male,Clothing,30.0,3.0,1,0,Other,2
1512,34,Male,Clothing,91.0,3.6,1,0,Credit Card,2
1513,60,Male,Clothing,23.0,3.9,1,0,PayPal,2
1514,22,Male,Clothing,35.0,4.1,1,0,Cash,2
1515,26,Male,Clothing,90.0,3.9,1,0,Other,2
1516,39,Male,Clothing,93.0,3.9,1,0,Cash,2
1517,20,Male,Clothing,68.0,4.5,1,0,Other,2
1518,57,Male,Jewelry & Accessories,41.0,3.4,1,0,Cash,2
1519,68,Male,Jewelry & Accessories,73.0,4.1,1,0,Other,2
1520,50,Male,Jewelry & Accessories,73.0,4.9,1,0,PayPal,2
1521,21,Male,Jewelry & Accessories,66.0,4.4,1,0,Cash,2
1522,29,Male,Jewelry & Accessories,59.0,2.7,1,0,Other,2
1523,38,Male,Clothing,72.0,4.8,1,0,Debit Card,2
1524,54,Male,Clothing,88.0,3.3,1,0,Debit Card,2
1525,22,Male,Clothing,76.0,4.4,1,0,Cash,2
1526,29,Male,Jewelry & Accessories,31.0,4.6,1,0,Cash,2
1527,41,Male,Clothing,22.0,3.1,1,0,PayPal,2
1528,26,Male,Jewelry & Accessories,75.0,4.5,1,0,Debit Card,2
1529,69,Male,Clothing,75.0,4.0,1,0,Other,2
1530,20,Male,Jewelry & Accessories,63.0,3.1,1,0,Credit Card,2
1531,59,Male,Clothing,21.0,3.9,1,0,Other,2
1532,63,Male,Jewelry & Accessories,83.0,4.5,1,0,PayPal,2
1533,68,Male,Clothing,46.0,4.4,1,0,PayPal,2
1534,50,Male,Clothing,59.0,3.6,1,0,Other,2
1535,55,Male,Clothing,66.0,3.4,1,0,Other,2
1536,36,Male,Clothing,74.0,4.0,1,0,Other,2
1537,18,Male,Jewelry & Accessories,82.0,2.6,1,0,Cash,2
1538,68,Male,Clothing,89.0,3.2,1,0,Other,2
1539,56,Male,Clothing,65.0,3.2,1,0,Other,2
1540,32,Male,Jewelry & Accessories,55.0,5.0,1,0,Cash,2
1541,28,Male,Clothing,95.0,2.9,1,0,Other,2
1542,24,Male,Jewelry & Accessories,77.0,2.9,1,0,Cash,2
1543,59,Male,Clothing,44.0,3.5,1,0,PayPal,2
1544,56,Male,Clothing,89.0,4.0,1,0,Other,2
1545,30,Male,Jewelry & Accessories,24.0,3.9,1,0,Debit Card,2
1546,48,Male,Jewelry & Accessories,43.0,4.9,1,0,Other,2
1547,60,Male,Clothing,51.0,3.8,1,0,Other,2
1548,46,Male,Jewelry & Accessories,46.0,3.5,1,0,Cash,2
1549,69,Male,Clothing,32.0,3.7,1,0,Other,2
1550,19,Male,Clothing,55.0,2.9,1,0,Debit Card,2
1551,66,Male,Jewelry & Accessories,26.0,2.8,1,0,Other,2
1552,64,Male,Jewelry & Accessories,29.0,3.7,1,0,Credit Card,2
1553,54,Male,Clothing,49.0,3.0,1,0,Credit Card,2
1554,27,Male,Clothing,45.0,4.8,1,0,Debit Card,2
1555,64,Male,Clothing,48.0,2.7,1,0,Cash,2
1556,43,Male,Clothing,47.0,4.5,1,0,Cash,2
1557,43,Male,Clothing,57.0,2.7,1,0,Credit Card,2
1558,27,Male,Jewelry & Accessories,34.0,3.5,1,0,PayPal,2
1559,35,Male,Jewelry & Accessories,75.0,3.5,1,0,Credit Card,2
1560,43,Male,Jewelry & Accessories,94.0,4.5,1,0,PayPal,2
1561,57,Male,Jewelry & Accessories,84.0,3.8,1,0,Debit Card,2
1562,50,Male,Jewelry & Accessories,38.0,3.8,1,0,Other,2
1563,37,Male,Jewelry & Accessories,75.0,3.2,1,0,Other,2
1564,68,Male,Clothing,44.0,4.3,1,0,Cash,2
1565,22,Male,Jewelry & Accessories,33.0,4.5,1,0,Debit Card,2
1566,58,Male,Jewelry & Accessories,93.0,4.2,1,0,PayPal,2
1567,48,Male,Clothing,99.0,3.0,1,0,Cash,2
1568,30,Male,Jewelry & Accessories,33.0,4.1,1,0,Cash,2
1569,51,Male,Clothing,76.0,4.6,1,0,Debit Card,2
1570,20,Male,Clothing,63.0,2.9,1,0,Debit Card,2
1571,30,Male,Clothing,41.0,4.8,1,0,Other,2
1572,28,Male,Jewelry & Accessories,88.0,4.5,1,0,Other,2
1573,37,Male,Clothing,92.0,3.4,1,0,Debit Card,2
1574,36,Male,Clothing,31.0,4.3,1,0,Debit Card,2
1575,18,Male,Clothing,25.0,4.2,1,0,PayPal,2
1576,52,Male,Clothing,28.0,3.6,1,0,Cash,2
1577,56,Male,Clothing,75.0,3.7,1,0,PayPal,2
1578,68,Male,Clothing,34.0,4.0,1,0,Other,2
1579,62,Male,Clothing,97.0,4.9,1,0,PayPal,2
1580,35,Male,Clothing,80.0,3.1,1,0,Other,2
1581,65,Male,Clothing,71.0,3.7,1,0,Cash,2
1582,69,Male,Jewelry & Accessories,77.0,4.2,1,0,Cash,2
1583,28,Male,Jewelry & Accessories,41.0,2.5,1,0,Cash,2
1584,37,Male,Jewelry & Accessories,92.0,4.3,1,0,Other,2
1585,41,Male,Clothing,95.0,3.1,1,0,Credit Card,2
1586,37,Male,Clothing,25.0,3.0,1,0,Debit Card,2
1587,25,Male,Clothing,77.0,4.0,1,0,Other,2
1588,41,Male,Clothing,99.0,3.5,1,0,Credit Card,2
1589,48,Male,Jewelry & Accessories,24.0,3.2,1,0,Other,2
1590,42,Male,Clothing,72.0,2.7,1,0,Cash,2
1591,54,Male,Clothing,80.0,3.0,1,0,PayPal,2
1592,18,Male,Clothing,100.0,2.9,1,0,PayPal,2
1593,56,Male,Clothing,83.0,3.3,1,0,Other,2
1594,61,Male,Clothing,95.0,4.9,1,0,Other,2
1595,40,Male,Jewelry & Accessories,41.0,3.7,1,0,Cash,2
1596,34,Male,Jewelry & Accessories,35.0,3.5,1,0,Debit Card,2
1597,42,Male,Jewelry & Accessories,30.0,4.7,1,0,Debit Card,2
1598,43,Male,Jewelry & Accessories,21.0,2.6,1,0,Other,2
1599,47,Male,Jewelry & Accessories,85.0,4.1,1,0,Other,2
1600,48,Male,Clothing,54.0,2.8,1,0,Debit Card,2
1601,20,Male,Clothing,26.0,4.7,1,0,PayPal,2
1602,65,Male,Clothing,59.0,2.9,1,0,Credit Card,2
1603,54,Male,Jewelry & Accessories,48.0,2.8,1,0,Other,2
1604,23,Male,Clothing,98.0,4.3,1,0,Debit Card,2
1605,18,Male,Clothing,92.0,4.8,1,0,Credit Card,2
1606,70,Male,Jewelry & Accessories,46.0,3.4,1,0,Credit Card,2
1607,55,Male,Clothing,21.0,4.3,1,0,PayPal,2
1608,49,Male,Clothing,72.0,2.7,1,0,Debit Card,2
1609,26,Male,Clothing,58.0,4.6,1,0,Other,2
1610,33,Male,Clothing,93.0,4.1,1,0,Other,2
1611,20,Male,Clothing,31.0,3.4,1,0,PayPal,2
1612,41,Male,Clothing,26.0,4.5,1,0,Debit Card,2
1613,18,Male,Clothing,68.0,4.4,1,0,Other,2
1614,26,Male,Jewelry & Accessories,31.0,4.0,1,0,Credit Card,2
1615,30,Male,Clothing,41.0,3.4,1,0,Cash,2
1616,64,Male,Jewelry & Accessories,62.0,3.2,1,0,Cash,2
1617,26,Male,Jewelry & Accessories,41.0,3.4,1,0,Cash,2
1618,43,Male,Clothing,64.0,4.3,1,0,Credit Card,2
1619,63,Male,Clothing,72.0,5.0,1,0,Debit Card,2
1620,57,Male,Jewelry & Accessories,78.0,3.5,1,0,Other,2
1621,25,Male,Jewelry & Accessories,47.0,3.1,1,0,PayPal,2
1622,68,Male,Jewelry & Accessories,46.0,3.9,1,0,Debit Card,2
1623,31,Male,Clothing,43.0,4.0,1,0,Other,2
1624,64,Male,Jewelry & Accessories,58.0,3.5,1,0,Debit Card,2
1625,38,Male,Clothing,32.0,3.6,1,0,PayPal,2
1626,34,Male,Clothing,45.0,3.0,1,0,PayPal,2
1627,32,Male,Clothing,35.0,2.6,1,0,Credit Card,2
1628,69,Male,Jewelry & Accessories,21.0,2.9,1,0,Credit Card,2
1629,45,Male,Clothing,64.0,3.1,1,0,Cash,2
1630,35,Male,Clothing,88.0,3.3,1,0,Other,2
1631,63,Male,Clothing,48.0,2.9,1,0,Other,2
1632,65,Male,Clothing,36.0,3.9,1,0,Other,2
1633,35,Male,Jewelry & Accessories,28.0,4.7,1,0,Debit Card,2
1634,54,Male,Clothing,80.0,4.4,1,0,Debit Card,2
1635,28,Male,Clothing,23.0,3.6,1,0,Cash,2
1636,68,Male,Jewelry & Accessories,24.0,3.2,1,0,Cash,2
1637,58,Male,Clothing,22.0,4.0,1,0,Cash,2
1638,35,Male,Clothing,21.0,3.5,1,0,Other,2
1639,68,Male,Clothing,51.0,4.6,1,0,Other,2
1640,41,Male,Jewelry & Accessories,65.0,3.3,1,0,PayPal,2
1641,65,Male,Jewelry & Accessories,51.0,4.0,1,0,PayPal,2
1642,50,Male,Clothing,32.0,3.4,1,0,Other,2
1643,18,Male,Clothing,70.0,4.2,1,0,PayPal,2
1644,38,Male,Jewelry & Accessories,77.0,3.9,1,0,PayPal,2
1645,68,Male,Clothing,90.0,3.9,1,0,Debit Card,2
1646,53,Male,Jewelry & Accessories,36.0,2.8,1,0,Other,2
1647,58,Male,Jewelry & Accessories,77.0,3.7,1,0,Other,2
1648,34,Male,Clothing,78.0,4.9,1,0,Debit Card,2
1649,36,Male,Clothing,69.0,2.6,1,0,Credit Card,2
1650,58,Male,Clothing,63.0,4.9,1,0,Credit Card,2
1651,60,Male,Jewelry & Accessories,36.0,3.4,1,0,Credit Card,2
1652,59,Male,Clothing,80.0,3.9,1,0,Debit Card,2
1653,65,Male,Clothing,35.0,4.0,1,0,Other,2
1654,31,Male,Jewelry & Accessories,93.0,3.0,1,0,Debit Card,2
1655,43,Male,Jewelry & Accessories,25.0,2.6,1,0,Credit Card,2
1656,37,Male,Clothing,81.0,3.2,1,0,PayPal,2
1657,21,Male,Clothing,42.0,2.6,1,0,PayPal,2
1658,69,Male,Clothing,36.0,3.2,1,0,Debit Card,2
1659,32,Male,Jewelry & Accessories,66.0,4.1,1,0,Cash,2
1660,53,Male,Jewelry & Accessories,37.0,3.9,1,0,Other,2
1661,59,Male,Clothing,45.0,4.1,1,0,Other,2
1662,64,Male,Jewelry & Accessories,86.0,2.7,1,0,Debit Card,2
1663,63,Male,Jewelry & Accessories,24.0,4.6,1,0,Debit Card,2
1664,43,Male,Clothing,22.0,3.5,1,0,Cash,2
1665,19,Male,Jewelry & Accessories,53.0,5.0,1,0,PayPal,2
1666,40,Male,Clothing,41.0,3.4,1,0,Other,2
1667,51,Male,Clothing,64.0,3.1,1,0,PayPal,2
1668,51,Male,Jewelry & Accessories,40.0,3.4,1,0,Other,2
1669,66,Male,Clothing,33.0,4.0,1,0,Debit Card,2
1670,42,Male,Clothing,59.0,2.7,1,0,Other,2
1671,22,Male,Clothing,73.0,3.6,1,0,Cash,2
1672,31,Male,Clothing,22.0,4.0,1,0,Other,2
1673,18,Male,Clothing,73.0,3.8,1,0,Other,2
1674,21,Male,Clothing,62.0,3.4,1,0,Other,2
1675,35,Male,Clothing,56.0,3.2,1,0,Debit Card,2
1676,35,Male,Clothing,90.0,4.7,1,0,Credit Card,2
1677,27,Male,Jewelry & Accessories,44.0,3.1,1,0,Other,2
1678,65,Male,Clothing,35.0,3.3,0,0,Debit Card,1
1679,41,Male,Clothing,71.0,4.8,0,0,Other,1
1680,60,Male,Clothing,52.0,4.5,0,0,Debit Card,1
1681,61,Male,Clothing,37.0,3.4,0,0,Credit Card,1
1682,24,Male,Clothing,95.0,3.7,0,0,Credit Card,1
1683,65,Male,Clothing,97.0,4.9,0,0,Credit Card,1
1684,23,Male,Clothing,57.0,3.5,0,0,Other,1
1685,30,Male,Clothing,93.0,4.6,0,0,PayPal,1
1686,33,Male,Clothing,48.0,4.6,0,0,PayPal,1
1687,22,Male,Jewelry & Accessories,75.0,4.2,0,0,Cash,1
1688,67,Male,Clothing,70.0,3.7,0,0,PayPal,1
1689,28,Male,Jewelry & Accessories,26.0,3.0,0,0,Other,1
1690,32,Male,Clothing,73.0,4.6,0,0,Other,1
1691,40,Male,Clothing,30.0,3.2,0,0,Cash,1
1692,64,Male,Clothing,61.0,3.5,0,0,Cash,1
1693,56,Male,Jewelry & Accessories,75.0,2.6,0,0,Cash,1
1694,63,Male,Clothing,88.0,4.9,0,0,Other,1
1695,20,Male,Clothing,67.0,2.7,0,0,Debit Card,1
1696,54,Male,Jewelry & Accessories,95.0,4.7,0,0,PayPal,1
1697,31,Male,Jewelry & Accessories,69.0,4.0,0,0,Credit Card,1
1698,36,Male,Clothing,87.0,3.5,0,0,Credit Card,1
1699,25,Male,Jewelry & Accessories,41.0,4.8,0,0,Other,1
1700,20,Male,Clothing,67.0,4.0,0,0,Debit Card,1
1701,62,Male,Clothing,70.0,4.1,0,0,Other,1
1702,69,Male,Jewelry & Accessories,41.0,3.8,0,0,Debit Card,1
1703,54,Male,Clothing,83.0,5.0,0,0,Other,1
1704,39,Male,Jewelry & Accessories,22.0,4.0,0,0,Other,1
1705,56,Male,Clothing,20.0,3.9,0,0,Cash,1
1706,39,Male,Jewelry & Accessories,29.0,3.4,0,0,Other,1
1707,37,Male,Jewelry & Accessories,87.0,3.0,0,0,Other,1
1708,25,Male,Clothing,81.0,4.9,0,0,Cash,1
1709,35,Male,Clothing,58.0,3.2,0,0,Credit Card,1
1710,45,Male,Clothing,83.0,3.8,0,0,Other,1
1711,19,Male,Clothing,59.0,3.8,0,0,Credit Card,1
1712,21,Male,Clothing,93.0,4.7,0,0,Credit Card,1
1713,65,Male,Clothing,87.0,3.8,0,0,Cash,1
1714,49,Male,Clothing,22.0,4.6,0,0,PayPal,1
1715,30,Male,Clothing,71.0,4.4,0,0,Cash,1
1716,23,Male,Clothing,69.0,3.4,0,0,PayPal,1
1717,69,Male,Clothing,47.0,4.7,0,0,Cash,1
1718,29,Male,Clothing,50.0,2.9,0,0,Debit Card,1
1719,54,Male,Clothing,96.0,3.4,0,0,PayPal,1
1720,45,Male,Clothing,39.0,3.2,0,0,Other,1
1721,25,Male,Clothing,84.0,2.8,0,0,Debit Card,1
1722,34,Male,Jewelry & Accessories,28.0,4.3,0,0,Credit Card,1
1723,46,Male,Clothing,51.0,3.3,0,0,Cash,1
1724,70,Male,Jewelry & Accessories,20.0,3.3,0,0,PayPal,1
1725,42,Male,Clothing,72.0,3.3,0,0,PayPal,1
1726,45,Male,Jewelry & Accessories,33.0,3.0,0,0,Other,1
1727,57,Male,Clothing,28.0,2.8,0,0,Debit Card,1
1728,49,Male,Clothing,53.0,4.0,0,0,PayPal,1
1729,23,Male,Clothing,48.0,4.3,0,0,Debit Card,1
1730,47,Male,Clothing,21.0,3.8,0,0,Other,1
1731,23,Male,Clothing,22.0,4.2,0,0,Credit Card,1
1732,21,Male,Jewelry & Accessories,87.0,3.1,0,0,Cash,1
1733,45,Male,Jewelry & Accessories,50.0,2.6,0,0,Cash,1
1734,67,Male,Clothing,85.0,3.4,0,0,Credit Card,1
1735,31,Male,Clothing,98.0,3.1,0,0,PayPal,1
1736,58,Male,Clothing,34.0,3.6,0,0,Other,1
1737,57,Male,Clothing,61.0,2.6,0,0,Cash,1
1738,42,Male,Jewelry & Accessories,98.0,4.2,0,0,Other,1
1739,60,Male,Jewelry & Accessories,61.0,2.9,0,0,Credit Card,1
1740,21,Male,Jewelry & Accessories,98.0,4.2,0,0,Cash,1
1741,69,Male,Clothing,21.0,3.3,0,0,Other,1
1742,41,Male,Clothing,51.0,3.6,0,0,Other,1
1743,51,Male,Clothing,80.0,4.3,0,0,Other,1
1744,23,Male,Clothing,72.0,3.3,0,0,Other,1
1745,57,Male,Jewelry & Accessories,63.0,3.0,0,0,PayPal,1
1746,40,Male,Clothing,27.0,3.6,0,0,Cash,1
1747,65,Male,Jewelry & Accessories,44.0,3.1,0,0,Other,1
1748,61,Male,Clothing,23.0,2.9,0,0,Other,1
1749,34,Male,Clothing,93.0,3.9,0,0,Other,1
1750,43,Male,Clothing,70.0,3.2,0,0,Debit Card,1
1751,31,Male,Jewelry & Accessories,85.0,3.1,0,0,Other,1
1752,57,Male,Clothing,40.0,3.2,0,0,Cash,1
1753,34,Male,Clothing,29.0,3.3,0,0,Other,1
1754,25,Male,Clothing,27.0,4.8,0,0,Credit Card,1
1755,66,Male,Clothing,93.0,3.8,0,0,Credit Card,1
1756,56,Male,Jewelry & Accessories,20.0,4.6,0,0,Cash,1
1757,49,Male,Jewelry & Accessories,55.0,2.8,0,0,Other,1
1758,19,Male,Clothing,94.0,3.6,0,0,Debit Card,1
1759,27,Male,Jewelry & Accessories,56.0,4.3,0,0,Other,1
1760,68,Male,Clothing,58.0,4.0,0,0,PayPal,1
1761,20,Male,Clothing,44.0,3.5,0,0,PayPal,1
1762,21,Male,Clothing,95.0,4.9,0,0,Cash,1
1763,36,Male,Clothing,42.0,3.1,0,0,Other,1
1764,37,Male,Jewelry & Accessories,93.0,3.9,0,0,PayPal,1
1765,61,Male,Clothing,56.0,3.0,0,0,Other,1
1766,68,Male,Clothing,88.0,4.1,0,0,Other,1
1767,60,Male,Clothing,54.0,4.3,0,0,Cash,1
1768,69,Male,Jewelry & Accessories,89.0,3.8,0,0,Debit Card,1
1769,25,Male,Clothing,45.0,3.9,0,0,PayPal,1
1770,32,Male,Clothing,75.0,4.3,0,0,Cash,1
1771,53,Male,Jewelry & Accessories,22.0,4.3,0,0,Other,1
1772,46,Male,Clothing,82.0,4.7,0,0,Credit Card,1
1773,58,Male,Clothing,34.0,3.1,0,0,Other,1
1774,21,Male,Clothing,92.0,2.7,0,0,PayPal,1
1775,46,Male,Clothing,78.0,3.7,0,0,PayPal,1
1776,18,Male,Clothing,47.0,3.3,0,0,Cash,1
1777,56,Male,Clothing,64.0,3.4,0,0,Other,1
1778,18,Male,Clothing,44.0,4.7,0,0,Cash,1
1779,49,Male,Jewelry & Accessories,94.0,4.9,0,0,Debit Card,1
1780,29,Male,Jewelry & Accessories,62.0,4.3,0,0,Other,1
1781,67,Male,Jewelry & Accessories,81.0,4.2,0,0,Credit Card,1
1782,31,Male,Clothing,33.0,3.7,0,0,Other,1
1783,52,Male,Clothing,88.0,2.7,0,0,Other,1
1784,42,Male,Jewelry & Accessories,49.0,3.3,0,0,Credit Card,1
1785,32,Male,Jewelry & Accessories,31.0,4.8,0,0,Debit Card,1
1786,47,Male,Jewelry & Accessories,29.0,4.1,0,0,Other,1
1787,45,Male,Clothing,34.0,4.6,0,0,Other,1
1788,20,Male,Clothing,38.0,4.9,0,0,Other,1
1789,66,Male,Clothing,41.0,3.1,0,0,Cash,1
1790,52,Male,Clothing,34.0,3.0,0,0,Debit Card,1
1791,50,Male,Jewelry & Accessories,26.0,3.7,0,0,PayPal,1
1792,62,Male,Clothing,98.0,4.0,0,0,Cash,1
1793,38,Male,Clothing,59.0,3.0,0,0,Debit Card,1
1794,65,Male,Jewelry & Accessories,92.0,3.8,0,0,Cash,1
1795,60,Male,Jewelry & Accessories,40.0,3.7,0,0,Debit Card,1
1796,68,Male,Clothing,20.0,4.0,0,0,Debit Card,1
1797,62,Male,Clothing,35.0,3.1,0,0,Other,1
1798,62,Male,Jewelry & Accessories,35.0,3.9,0,0,Other,1
1799,40,Male,Clothing,82.0,3.7,0,0,Cash,1
1800,32,Male,Clothing,48.0,3.9,0,0,Other,1
1801,22,Male,Clothing,58.0,2.7,0,0,Credit Card,1
1802,33,Male,Clothing,57.0,3.9,0,0,Debit Card,1
1803,57,Male,Clothing,96.0,2.6,0,0,Other,1
1804,60,Male,Clothing,97.0,3.5,0,0,Other,1
1805,30,Male,Clothing,42.0,4.4,0,0,Credit Card,1
1806,41,Male,Clothing,62.0,4.9,0,0,Debit Card,1
1807,58,Male,Jewelry & Accessories,67.0,3.9,0,0,Other,1
1808,34,Male,Clothing,46.0,3.5,0,0,Other,1
1809,67,Male,Clothing,71.0,4.3,0,0,Debit Card,1
1810,58,Male,Jewelry & Accessories,99.0,3.4,0,0,Debit Card,1
1811,41,Male,Clothing,28.0,2.7,0,0,Cash,1
1812,42,Male,Jewelry & Accessories,77.0,3.6,0,0,Other,1
1813,50,Male,Clothing,63.0,4.9,0,0,PayPal,1
1814,40,Male,Clothing,62.0,3.5,0,0,PayPal,1
1815,32,Male,Clothing,92.0,3.8,0,0,Cash,1
1816,51,Male,Clothing,72.0,4.5,0,0,Credit Card,1
1817,26,Male,Jewelry & Accessories,79.0,4.0,0,0,Cash,1
1818,32,Male,Clothing,27.0,4.7,0,0,Cash,1
1819,58,Male,Jewelry & Accessories,39.0,3.8,0,0,Debit Card,1
1820,51,Male,Clothing,86.0,4.5,0,0,Cash,1
1821,19,Male,Clothing,94.0,5.0,0,0,PayPal,1
1822,57,Male,Clothing,53.0,2.8,0,0,PayPal,1
1823,66,Male,Clothing,85.0,4.4,0,0,Cash,1
1824,62,Male,Clothing,50.0,4.7,0,0,Other,1
1825,58,Male,Clothing,47.0,3.8,0,0,Cash,1
1826,23,Male,Clothing,75.0,4.9,0,0,Credit Card,1
1827,45,Male,Clothing,60.0,4.2,0,0,Debit Card,1
1828,20,Male,Clothing,36.0,4.9,0,0,Other,1
1829,33,Male,Clothing,80.0,3.9,0,0,Cash,1
1830,30,Male,Jewelry & Accessories,96.0,4.9,0,0,Credit Card,1
1831,50,Male,Jewelry & Accessories,80.0,4.8,0,0,Other,1
1832,62,Male,Clothing,71.0,3.3,0,0,Other,1
1833,69,Male,Jewelry & Accessories,29.0,4.6,0,0,Cash,1
1834,34,Male,Jewelry & Accessories,53.0,4.5,0,0,PayPal,1
1835,49,Male,Clothing,35.0,4.1,0,0,Other,1
1836,65,Male,Jewelry & Accessories,75.0,3.2,0,0,Credit Card,1
1837,66,Male,Clothing,52.0,4.2,0,0,Credit Card,1
1838,41,Male,Jewelry & Accessories,77.0,4.8,0,0,Other,1
1839,37,Male,Jewelry & Accessories,24.0,4.1,0,0,Credit Card,1
1840,32,Male,Clothing,78.0,3.7,0,0,Cash,1
1841,42,Male,Clothing,98.0,2.6,0,0,Other,1
1842,31,Male,Clothing,57.0,3.0,0,0,PayPal,1
1843,61,Male,Jewelry & Accessories,78.0,4.4,0,0,Debit Card,1
1844,36,Male,Clothing,76.0,4.7,0,0,Credit Card,1
1845,60,Male,Clothing,26.0,2.7,0,0,Credit Card,1
1846,51,Male,Clothing,78.0,2.8,0,0,Other,1
1847,68,Male,Jewelry & Accessories,53.0,2.9,0,0,Other,1
1848,46,Male,Clothing,100.0,4.4,0,0,Credit Card,1
1849,19,Male,Clothing,73.0,2.7,0,0,Cash,1
1850,30,Male,Clothing,40.0,4.5,0,0,Other,1
1851,51,Male,Jewelry & Accessories,76.0,2.8,0,0,Debit Card,1
1852,28,Male,Clothing,80.0,3.1,0,0,Other,1
1853,41,Male,Clothing,80.0,3.8,0,0,Cash,1
1854,29,Male,Clothing,67.0,2.9,0,0,PayPal,1
1855,25,Male,Clothing,61.0,3.8,0,0,Credit Card,1
1856,60,Male,Clothing,76.0,4.7,0,0,Cash,1
1857,63,Male,Jewelry & Accessories,55.0,3.2,0,0,PayPal,1
1858,51,Male,Clothing,85.0,4.0,0,0,Cash,1
1859,22,Male,Jewelry & Accessories,69.0,4.9,0,0,Debit Card,1
1860,54,Male,Jewelry & Accessories,26.0,3.7,0,0,Debit Card,1
1861,18,Male,Clothing,64.0,4.8,0,0,Credit Card,1
1862,29,Male,Clothing,60.0,3.6,0,0,Debit Card,1
1863,59,Male,Jewelry & Accessories,36.0,4.6,0,0,PayPal,1
1864,25,Male,Clothing,21.0,4.3,0,0,Debit Card,1
1865,19,Male,Jewelry & Accessories,72.0,3.2,0,0,Other,1
1866,56,Male,Clothing,62.0,3.8,0,0,Other,1
1867,31,Male,Clothing,44.0,4.2,0,0,Credit Card,1
1868,45,Male,Clothing,52.0,3.4,0,0,Other,1
1869,23,Male,Jewelry & Accessories,58.0,4.7,0,0,Cash,1
1870,18,Male,Clothing,77.0,3.9,0,0,Debit Card,1
1871,43,Male,Clothing,99.0,4.3,0,0,Debit Card,1
1872,56,Male,Clothing,96.0,2.7,0,0,Cash,1
1873,43,Male,Clothing,64.0,4.6,0,0,Credit Card,1
1874,64,Male,Clothing,44.0,2.9,0,0,Other,1
1875,67,Male,Clothing,33.0,3.6,0,0,Cash,1
1876,63,Male,Clothing,71.0,3.9,0,0,Credit Card,1
1877,54,Male,Clothing,36.0,2.6,0,0,Other,1
1878,69,Male,Jewelry & Accessories,62.0,3.6,0,0,Credit Card,1
1879,34,Male,Clothing,29.0,3.4,0,0,Credit Card,1
1880,56,Male,Clothing,33.0,3.5,0,0,Cash,1
1881,34,Male,Clothing,33.0,3.1,0,0,Debit Card,1
1882,58,Male,Clothing,41.0,4.3,0,0,Cash,1
1883,44,Male,Jewelry & Accessories,54.0,5.0,0,0,Other,1
1884,25,Male,Jewelry & Accessories,58.0,4.9,0,0,Debit Card,1
1885,27,Male,Clothing,30.0,4.3,0,0,Other,1
1886,26,Male,Jewelry & Accessories,53.0,4.4,0,0,Cash,1
1887,18,Male,Jewelry & Accessories,91.0,4.4,0,0,Cash,1
1888,64,Male,Clothing,44.0,3.5,0,0,PayPal,1
1889,62,Male,Clothing,89.0,3.4,0,0,Credit Card,1
1890,59,Male,Clothing,57.0,2.5,0,0,Other,1
1891,36,Male,Jewelry & Accessories,57.0,3.4,0,0,Credit Card,1
1892,69,Male,Jewelry & Accessories,74.0,2.6,0,0,Debit Card,1
1893,39,Male,Clothing,30.0,4.6,0,0,Other,1
1894,28,Male,Clothing,20.0,3.7,0,0,PayPal,1
1895,42,Male,Clothing,90.0,2.5,0,0,Debit Card,1
1896,31,Male,Clothing,61.0,4.5,0,0,Debit Card,1
1897,57,Male,Clothing,51.0,2.9,0,0,Other,1
1898,53,Male,Jewelry & Accessories,97.0,2.9,0,0,Debit Card,1
1899,59,Male,Clothing,97.0,3.5,0,0,Other,1
1900,32,Male,Clothing,40.0,4.2,0,0,PayPal,1
1901,65,Male,Jewelry & Accessories,85.0,3.3,0,0,Cash,1
1902,56,Male,Clothing,76.0,3.9,0,0,Cash,1
1903,31,Male,Clothing,22.0,5.0,0,0,Other,1
1904,59,Male,Clothing,63.0,3.3,0,0,Other,1
1905,22,Male,Clothing,71.0,4.2,0,0,Cash,1
1906,47,Male,Clothing,35.0,4.9,0,0,Other,1
1907,23,Male,Jewelry & Accessories,30.0,4.6,0,0,PayPal,1
1908,69,Male,Clothing,74.0,4.8,0,0,Credit Card,1
1909,18,Male,Jewelry & Accessories,71.0,2.7,0,0,Debit Card,1
1910,50,Male,Clothing,84.0,4.3,0,0,Credit Card,1
1911,29,Male,Clothing,38.0,3.8,0,0,Debit Card,1
1912,65,Male,Jewelry & Accessories,81.0,4.9,0,0,Debit Card,1
1913,29,Male,Clothing,56.0,3.4,0,0,Credit Card,1
1914,49,Male,Clothing,48.0,3.6,0,0,Cash,1
1915,28,Male,Clothing,97.0,3.4,0,0,Credit Card,1
1916,51,Male,Jewelry & Accessories,74.0,4.7,0,0,Cash,1
1917,26,Male,Clothing,50.0,3.0,0,0,Debit Card,1
1918,38,Male,Clothing,71.0,3.4,0,0,PayPal,1
1919,35,Male,Clothing,33.0,4.6,0,0,Debit Card,1
1920,34,Male,Jewelry & Accessories,56.0,3.1,0,0,PayPal,1
1921,51,Male,Clothing,84.0,2.8,0,0,Cash,1
1922,47,Male,Clothing,36.0,3.5,0,0,Other,1
1923,18,Male,Jewelry & Accessories,63.0,4.6,0,0,PayPal,1
1924,64,Male,Clothing,36.0,4.3,0,0,Cash,1
1925,30,Male,Clothing,63.0,4.8,0,0,PayPal,1
1926,59,Male,Clothing,32.0,2.9,0,0,Credit Card,1
1927,66,Male,Jewelry & Accessories,93.0,3.0,0,0,PayPal,1
1928,40,Male,Clothing,29.0,2.9,0,0,Cash,1
1929,25,Male,Jewelry & Accessories,92.0,3.7,0,0,PayPal,1
1930,59,Male,Clothing,33.0,4.7,0,0,Other,1
1931,66,Male,Clothing,52.0,3.5,0,0,Cash,1
1932,54,Male,Jewelry & Accessories,42.0,2.7,0,0,Debit Card,1
1933,42,Male,Clothing,36.0,5.0,0,0,Credit Card,1
1934,48,Male,Clothing,67.0,4.1,0,0,Other,1
1935,34,Male,Clothing,43.0,2.7,0,0,Other,1
1936,19,Male,Clothing,68.0,4.8,0,0,Cash,1
1937,70,Male,Jewelry & Accessories,60.0,4.3,0,0,PayPal,1
1938,43,Male,Clothing,53.0,4.5,0,0,Other,1
1939,46,Male,Clothing,23.0,3.8,0,0,Debit Card,1
1940,66,Male,Jewelry & Accessories,57.0,3.7,0,0,PayPal,1
1941,50,Male,Jewelry & Accessories,89.0,3.9,0,0,PayPal,1
1942,55,Male,Clothing,99.0,3.3,0,0,Credit Card,1
1943,63,Male,Clothing,28.0,3.4,0,0,PayPal,1
1944,32,Male,Clothing,53.0,3.8,0,0,Cash,1
1945,30,Male,Clothing,45.0,2.7,0,0,Cash,1
1946,35,Male,Clothing,38.0,2.9,0,0,Credit Card,1
1947,59,Male,Clothing,49.0,4.5,0,0,Credit Card,1
1948,59,Male,Clothing,32.0,2.6,0,0,PayPal,1
1949,54,Male,Clothing,37.0,3.1,0,0,PayPal,1
1950,63,Male,Clothing,80.0,4.7,0,0,PayPal,1
1951,43,Male,Jewelry & Accessories,78.0,4.6,0,0,PayPal,1
1952,33,Male,Jewelry & Accessories,53.0,2.7,0,0,Other,1
1953,57,Male,Clothing,82.0,4.6,0,0,Cash,1
1954,25,Male,Clothing,33.0,4.8,0,0,PayPal,1
1955,26,Male,Jewelry & Accessories,77.0,4.2,0,0,Other,1
1956,50,Male,Clothing,56.0,4.9,0,0,Cash,1
1957,70,Male,Clothing,37.0,4.9,0,0,Credit Card,1
1958,68,Male,Jewelry & Accessories,54.0,4.5,0,0,Cash,1
1959,39,Male,Clothing,67.0,2.7,0,0,Cash,1
1960,46,Male,Clothing,90.0,3.1,0,0,Credit Card,1
1961,57,Male,Clothing,72.0,3.3,0,0,Credit Card,1
1962,47,Male,Clothing,59.0,2.6,0,0,Debit Card,1
1963,40,Male,Jewelry & Accessories,45.0,4.4,0,0,PayPal,1
1964,52,Male,Clothing,30.0,3.9,0,0,Credit Card,1
1965,40,Male,Clothing,51.0,4.6,0,0,Debit Card,1
1966,67,Male,Clothing,90.0,4.9,0,0,Debit Card,1
1967,67,Male,Clothing,95.0,3.7,0,0,Credit Card,1
1968,37,Male,Clothing,81.0,3.7,0,0,Other,1
1969,67,Male,Clothing,70.0,4.2,0,0,Credit Card,1
1970,64,Male,Clothing,32.0,3.5,0,0,Other,1
1971,28,Male,Jewelry & Accessories,94.0,2.9,0,0,Credit Card,1
1972,54,Male,Jewelry & Accessories,29.0,3.4,0,0,Other,1
1973,54,Male,Jewelry & Accessories,31.0,3.3,0,0,PayPal,1
1974,24,Male,Clothing,20.0,4.5,0,0,Other,1
1975,27,Male,Jewelry & Accessories,44.0,4.6,0,0,PayPal,1
1976,53,Male,Clothing,77.0,2.9,0,0,Cash,1
1977,32,Male,Jewelry & Accessories,51.0,3.2,0,0,PayPal,1
1978,24,Male,Clothing,49.0,2.6,0,0,Other,1
1979,45,Male,Jewelry & Accessories,78.0,3.8,0,0,Cash,1
1980,49,Male,Clothing,98.0,2.8,0,0,Debit Card,1
1981,51,Male,Clothing,94.0,4.4,0,0,PayPal,1
1982,69,Male,Clothing,91.0,4.7,0,0,PayPal,1
1983,41,Male,Jewelry & Accessories,77.0,2.7,0,0,PayPal,1
1984,59,Male,Jewelry & Accessories,97.0,2.6,0,0,Debit Card,1
1985,26,Male,Clothing,58.0,3.4,0,0,PayPal,1
1986,23,Male,Jewelry & Accessories,97.0,3.9,0,0,Credit Card,1
1987,62,Male,Clothing,48.0,3.4,0,0,Other,1
1988,69,Male,Jewelry & Accessories,23.0,3.4,0,0,Cash,1
1989,46,Male,Clothing,79.0,3.9,0,0,Other,1
1990,35,Male,Jewelry & Accessories,42.0,4.0,0,0,PayPal,1
1991,32,Male,Jewelry & Accessories,95.0,3.4,0,0,PayPal,1
1992,46,Male,Clothing,29.0,3.7,0,0,Other,1
1993,33,Male,Clothing,98.0,4.9,0,0,Other,1
1994,32,Male,Clothing,96.0,5.0,0,0,Cash,1
1995,33,Male,Jewelry & Accessories,66.0,2.9,0,0,Credit Card,1
1996,67,Male,Clothing,80.0,3.0,0,0,Debit Card,1
1997,67,Male,Clothing,27.0,3.3,0,0,Cash,1
1998,42,Male,Jewelry & Accessories,25.0,4.7,0,0,Debit Card,1
1999,20,Male,Clothing,45.0,3.4,0,0,Cash,1
2000,39,Male,Clothing,89.0,4.6,0,0,Debit Card,1
2001,26,Male,Jewelry & Accessories,27.0,3.6,0,0,Cash,1
2002,51,Male,Jewelry & Accessories,90.0,2.6,0,0,Debit Card,1
2003,31,Male,Clothing,65.0,2.7,0,0,PayPal,1
2004,68,Male,Clothing,72.0,3.1,0,0,Cash,1
2005,44,Male,Clothing,70.0,3.2,0,0,Cash,1
2006,18,Male,Clothing,82.0,3.4,0,0,PayPal,1
2007,58,Male,Jewelry & Accessories,97.0,4.4,0,0,Credit Card,1
2008,26,Male,Clothing,25.0,3.2,0,0,PayPal,1
2009,57,Male,Clothing,48.0,2.5,0,0,PayPal,1
2010,37,Male,Clothing,99.0,3.8,0,0,Other,1
2011,24,Male,Clothing,21.0,4.4,0,0,Debit Card,1
2012,57,Male,Clothing,94.0,3.7,0,0,Other,1
2013,48,Male,Clothing,53.0,3.2,0,0,Cash,1
2014,39,Male,Jewelry & Accessories,70.0,4.9,0,0,Debit Card,1
2015,51,Male,Clothing,26.0,3.9,0,0,PayPal,1
2016,57,Male,Jewelry & Accessories,82.0,4.5,0,0,Credit Card,1
2017,53,Male,Clothing,47.0,3.4,0,0,Debit Card,1
2018,70,Male,Clothing,32.0,4.1,0,0,Other,1
2019,60,Male,Jewelry & Accessories,97.0,4.5,0,0,Other,1
2020,31,Male,Clothing,68.0,4.7,0,0,Cash,1
2021,41,Male,Clothing,23.0,4.8,0,0,Cash,1
2022,62,Male,Jewelry & Accessories,33.0,4.4,0,0,Other,1
2023,59,Male,Jewelry & Accessories,38.0,4.0,0,0,Cash,1
2024,46,Male,Clothing,68.0,4.1,0,0,Cash,1
2025,62,Male,Clothing,23.0,3.7,0,0,PayPal,1
2026,42,Male,Clothing,29.0,3.0,0,0,Debit Card,1
2027,37,Male,Jewelry & Accessories,35.0,3.6,0,0,Other,1
2028,50,Male,Clothing,73.0,4.8,0,0,Credit Card,1
2029,29,Male,Clothing,84.0,3.7,0,0,Other,1
2030,25,Male,Jewelry & Accessories,23.0,4.6,0,0,PayPal,1
2031,66,Male,Jewelry & Accessories,67.0,2.8,0,0,Credit Card,1
2032,21,Male,Clothing,51.0,4.0,0,0,Credit Card,1
2033,46,Male,Clothing,36.0,4.2,0,0,Cash,1
2034,57,Male,Clothing,55.0,3.6,0,0,Other,1
2035,61,Male,Clothing,30.0,2.9,0,0,PayPal,1
2036,53,Male,Clothing,70.0,4.1,0,0,Other,1
2037,37,Male,Clothing,63.0,3.1,0,0,Cash,1
2038,39,Male,Jewelry & Accessories,87.0,4.3,0,0,Other,1
2039,53,Male,Clothing,70.0,4.4,0,0,Credit Card,1
2040,35,Male,Clothing,51.0,3.1,0,0,Debit Card,1
2041,69,Male,Jewelry & Accessories,25.0,2.9,0,0,Other,1
2042,66,Male,Clothing,32.0,3.2,0,0,PayPal,1
2043,19,Male,Clothing,52.0,4.0,0,0,Other,1
2044,47,Male,Jewelry & Accessories,33.0,2.7,0,0,PayPal,1
2045,49,Male,Clothing,68.0,3.0,0,0,PayPal,1
2046,31,Male,Jewelry & Accessories,20.0,4.4,0,0,PayPal,1
2047,39,Male,Clothing,32.0,2.8,0,0,Cash,1
2048,58,Male,Jewelry & Accessories,82.0,3.1,0,0,Cash,1
2049,45,Male,Clothing,64.0,3.9,0,0,Other,1
2050,68,Male,Clothing,24.0,2.7,0,0,Other,1
2051,35,Male,Jewelry & Accessories,96.0,3.4,0,0,Debit Card,1
2052,65,Male,Clothing,94.0,3.8,0,0,Credit Card,1
2053,45,Male,Jewelry & Accessories,48.0,3.7,0,0,Other,1
2054,19,Male,Jewelry & Accessories,60.0,4.5,0,0,Credit Card,1
2055,65,Male,Clothing,56.0,2.9,0,0,PayPal,1
2056,28,Male,Jewelry & Accessories,33.0,3.4,0,0,Other,1
2057,55,Male,Jewelry & Accessories,46.0,4.4,0,0,PayPal,1
2058,66,Male,Clothing,37.0,4.2,0,0,PayPal,1
2059,29,Male,Clothing,98.0,3.3,0,0,Other,1
2060,56,Male,Clothing,50.0,3.7,0,0,PayPal,1
2061,21,Male,Jewelry & Accessories,63.0,3.2,0,0,Other,1
2062,32,Male,Clothing,70.0,2.6,0,0,Debit Card,1
2063,54,Male,Clothing,63.0,2.8,0,0,Cash,1
2064,61,Male,Clothing,86.0,2.9,0,0,Cash,1
2065,31,Male,Clothing,99.0,4.0,0,0,Other,1
2066,27,Male,Clothing,40.0,2.9,0,0,Other,1
2067,64,Male,Clothing,92.0,4.7,0,0,Debit Card,1
2068,60,Male,Clothing,21.0,3.1,0,0,Cash,1
2069,70,Male,Jewelry & Accessories,81.0,3.9,0,0,Other,1
2070,36,Male,Clothing,82.0,3.4,0,0,Debit Card,1
2071,56,Male,Jewelry & Accessories,88.0,3.1,0,0,Cash,1
2072,69,Male,Clothing,100.0,4.8,0,0,PayPal,1
2073,39,Male,Jewelry & Accessories,66.0,3.9,0,0,Other,1
2074,38,Male,Jewelry & Accessories,25.0,3.5,0,0,PayPal,1
2075,36,Male,Jewelry & Accessories,53.0,3.1,0,0,Debit Card,1
2076,46,Male,Clothing,28.0,4.7,0,0,Debit Card,1
2077,59,Male,Jewelry & Accessories,23.0,4.6,0,0,Debit Card,1
2078,64,Male,Jewelry & Accessories,34.0,3.3,0,0,Other,1
2079,49,Male,Clothing,42.0,3.2,0,0,Debit Card,1
2080,32,Male,Clothing,24.0,3.1,0,0,PayPal,1
2081,29,Male,Jewelry & Accessories,47.0,3.5,0,0,Debit Card,1
2082,24,Male,Clothing,78.0,4.3,0,0,Other,1
2083,41,Male,Clothing,89.0,2.9,0,0,Other,1
2084,41,Male,Jewelry & Accessories,59.0,2.7,0,0,Credit Card,1
2085,32,Male,Clothing,94.0,4.0,0,0,Other,1
2086,69,Male,Clothing,49.0,4.6,0,0,Debit Card,1
2087,65,Male,Clothing,89.0,4.7,0,0,Cash,1
2088,54,Male,Jewelry & Accessories,91.0,4.7,0,0,Credit Card,1
2089,39,Male,Clothing,89.0,4.0,0,0,Debit Card,1
2090,37,Male,Clothing,57.0,3.6,0,0,Credit Card,1
2091,51,Male,Clothing,71.0,3.4,0,0,Debit Card,1
2092,26,Male,Clothing,97.0,3.0,0,0,Other,1
2093,42,Male,Clothing,45.0,2.6,0,0,Other,1
2094,21,Male,Clothing,91.0,4.2,0,0,Debit Card,1
2095,53,Male,Clothing,25.0,3.4,0,0,Other,1
2096,36,Male,Clothing,63.0,4.0,0,0,Other,1
2097,21,Male,Clothing,52.0,4.7,0,0,Debit Card,1
2098,33,Male,Clothing,43.0,3.9,0,0,Credit Card,1
2099,49,Male,Clothing,28.0,3.3,0,0,Other,1
2100,31,Male,Clothing,78.0,2.9,0,0,PayPal,1
2101,68,Male,Clothing,31.0,4.4,0,0,Cash,1
2102,49,Male,Clothing,23.0,3.6,0,0,Other,1
2103,23,Male,Jewelry & Accessories,25.0,4.5,0,0,Cash,1
2104,30,Male,Clothing,86.0,3.7,0,0,Other,1
2105,53,Male,Clothing,88.0,2.8,0,0,Other,1
2106,65,Male,Jewelry & Accessories,35.0,4.5,0,0,Other,1
2107,60,Male,Jewelry & Accessories,34.0,4.4,0,0,Credit Card,1
2108,46,Male,Clothing,75.0,3.3,0,0,PayPal,1
2109,54,Male,Clothing,46.0,4.2,0,0,Credit Card,1
2110,59,Male,Jewelry & Accessories,31.0,2.7,0,0,Other,1
2111,52,Male,Clothing,93.0,3.9,0,0,Debit Card,1
2112,41,Male,Jewelry & Accessories,85.0,2.6,0,0,Other,1
2113,43,Male,Jewelry & Accessories,68.0,4.5,0,0,Cash,1
2114,63,Male,Clothing,40.0,2.7,0,0,PayPal,1
2115,37,Male,Clothing,51.0,2.9,0,0,Debit Card,1
2116,44,Male,Jewelry & Accessories,85.0,3.4,0,0,Other,1
2117,67,Male,Clothing,23.0,2.9,0,0,Debit Card,1
2118,27,Male,Clothing,28.0,3.8,0,0,Debit Card,1
2119,60,Male,Clothing,44.0,4.2,0,0,Debit Card,1
2120,58,Male,Jewelry & Accessories,57.0,3.5,0,0,Other,1
2121,53,Male,Jewelry & Accessories,98.0,3.1,0,0,PayPal,1
2122,43,Male,Jewelry & Accessories,68.0,3.5,0,0,Other,1
2123,32,Male,Clothing,36.0,4.0,0,0,Debit Card,1
2124,54,Male,Clothing,71.0,3.7,0,0,Debit Card,1
2125,47,Male,Clothing,60.0,4.2,0,0,Other,1
2126,57,Male,Clothing,87.0,4.8,0,0,PayPal,1
2127,63,Male,Clothing,38.0,4.1,0,0,Credit Card,1
2128,70,Male,Clothing,45.0,4.5,0,0,Debit Card,1
2129,62,Male,Clothing,47.0,2.7,0,0,PayPal,1
2130,40,Male,Clothing,57.0,2.8,0,0,PayPal,1
2131,25,Male,Jewelry & Accessories,68.0,3.7,0,0,Credit Card,1
2132,19,Male,Clothing,52.0,3.6,0,0,Other,1
2133,25,Male,Clothing,87.0,4.7,0,0,Debit Card,1
2134,21,Male,Jewelry & Accessories,34.0,3.8,0,0,Other,1
2135,55,Male,Clothing,41.0,2.9,0,0,Credit Card,1
2136,34,Male,Jewelry & Accessories,94.0,4.6,0,0,Debit Card,1
2137,47,Male,Jewelry & Accessories,93.0,2.8,0,0,Other,1
2138,27,Male,Clothing,51.0,4.6,0,0,Credit Card,1
2139,67,Male,Clothing,42.0,2.8,0,0,Other,1
2140,40,Male,Clothing,95.0,3.0,0,0,Cash,1
2141,53,Male,Jewelry & Accessories,90.0,3.7,0,0,Cash,1
2142,24,Male,Clothing,98.0,4.1,0,0,PayPal,1
2143,47,Male,Jewelry & Accessories,39.0,4.3,0,0,Other,1
2144,53,Male,Clothing,66.0,3.8,0,0,Other,1
2145,47,Male,Clothing,23.0,3.7,0,0,PayPal,1
2146,38,Male,Clothing,73.0,4.8,0,0,PayPal,1
2147,48,Male,Jewelry & Accessories,23.0,4.6,0,0,PayPal,1
2148,47,Male,Clothing,43.0,4.8,0,0,Cash,1
2149,19,Male,Clothing,45.0,4.6,0,0,PayPal,1
2150,38,Male,Clothing,21.0,4.0,0,0,Other,1
2151,57,Male,Clothing,40.0,2.6,0,0,Cash,1
2152,70,Male,Clothing,58.0,2.6,0,0,Other,1
2153,38,Male,Clothing,48.0,4.5,0,0,Other,1
2154,35,Male,Clothing,94.0,4.2,0,0,PayPal,1
2155,46,Male,Jewelry & Accessories,74.0,3.4,0,0,Cash,1
2156,32,Male,Jewelry & Accessories,51.0,3.7,0,0,PayPal,1
2157,38,Male,Clothing,83.0,3.6,0,0,Debit Card,1
2158,41,Male,Jewelry & Accessories,68.0,4.0,0,0,Other,1
2159,19,Male,Jewelry & Accessories,84.0,4.6,0,0,Other,1
2160,18,Male,Clothing,58.0,3.0,0,0,Cash,1
2161,45,Male,Clothing,92.0,3.3,0,0,PayPal,1
2162,23,Male,Clothing,69.0,3.8,0,0,Debit Card,1
2163,60,Male,Clothing,48.0,2.7,0,0,PayPal,1
2164,52,Male,Clothing,60.0,4.5,0,0,Other,1
2165,42,Male,Clothing,20.0,4.8,0,0,PayPal,1
2166,29,Male,Clothing,55.0,4.2,0,0,Credit Card,1
2167,31,Male,Clothing,88.0,3.5,0,0,Credit Card,1
2168,30,Male,Clothing,48.0,4.9,0,0,Other,1
2169,23,Male,Jewelry & Accessories,74.0,4.1,0,0,Cash,1
2170,31,Male,Clothing,42.0,2.9,0,0,Other,1
2171,40,Male,Clothing,32.0,4.0,0,0,Other,1
2172,39,Male,Clothing,98.0,4.6,0,0,Cash,1
2173,28,Male,Clothing,89.0,2.8,0,0,PayPal,1
2174,23,Male,Jewelry & Accessories,97.0,5.0,0,0,Other,1
2175,42,Male,Jewelry & Accessories,49.0,2.9,0,0,Cash,1
2176,68,Male,Clothing,50.0,3.3,0,0,Credit Card,1
2177,24,Male,Jewelry & Accessories,91.0,3.4,0,0,Debit Card,1
2178,24,Male,Jewelry & Accessories,93.0,3.0,0,0,PayPal,1
2179,21,Male,Jewelry & Accessories,98.0,4.7,0,0,Other,1
2180,49,Male,Clothing,82.0,2.9,0,0,PayPal,1
2181,41,Male,Clothing,37.0,4.1,0,0,Cash,1
2182,22,Male,Jewelry & Accessories,63.0,3.2,0,0,Other,1
2183,42,Male,Clothing,99.0,2.7,0,0,Other,1
2184,30,Male,Clothing,37.0,4.7,0,0,Cash,1
2185,38,Male,Clothing,34.0,3.2,0,0,PayPal,1
2186,40,Male,Clothing,32.0,2.5,0,0,Debit Card,1
2187,55,Male,Clothing,23.0,4.3,0,0,PayPal,1
2188,37,Male,Clothing,78.0,4.4,0,0,PayPal,1
2189,41,Male,Clothing,54.0,4.7,0,0,Credit Card,1
2190,38,Male,Clothing,94.0,4.0,0,0,Credit Card,1
2191,42,Male,Jewelry & Accessories,75.0,4.6,0,0,Credit Card,1
2192,26,Male,Clothing,69.0,3.8,0,0,Cash,1
2193,41,Male,Jewelry & Accessories,35.0,3.2,0,0,Credit Card,1
2194,27,Male,Clothing,78.0,5.0,0,0,PayPal,1
2195,61,Male,Clothing,29.0,3.5,0,0,Other,1
2196,58,Male,Clothing,62.0,3.7,0,0,Cash,1
2197,25,Male,Clothing,58.0,4.8,0,0,PayPal,1
2198,33,Male,Clothing,88.0,3.7,0,0,Other,1
2199,57,Male,Jewelry & Accessories,80.0,3.5,0,0,Other,1
2200,39,Male,Jewelry & Accessories,47.0,4.9,0,0,Debit Card,1
2201,60,Male,Jewelry & Accessories,51.0,4.7,0,0,Debit Card,1
2202,39,Male,Clothing,25.0,4.9,0,0,Other,1
2203,42,Male,Clothing,36.0,4.3,0,0,Credit Card,1
2204,53,Male,Clothing,79.0,3.1,0,0,Cash,1
2205,20,Male,Clothing,41.0,3.4,0,0,Debit Card,1
2206,46,Male,Clothing,68.0,2.7,0,0,PayPal,1
2207,46,Male,Clothing,51.0,2.6,0,0,Other,1
2208,69,Male,Jewelry & Accessories,38.0,2.9,0,0,Credit Card,1
2209,28,Male,Jewelry & Accessories,46.0,2.7,0,0,PayPal,1
2210,42,Male,Clothing,20.0,4.5,0,0,Other,1
2211,30,Male,Jewelry & Accessories,25.0,3.1,0,0,PayPal,1
2212,50,Male,Clothing,89.0,3.2,0,0,Debit Card,1
2213,59,Male,Clothing,77.0,3.3,0,0,Other,1
2214,54,Male,Jewelry & Accessories,94.0,2.9,0,0,Debit Card,1
2215,50,Male,Jewelry & Accessories,100.0,4.1,0,0,Debit Card,1
2216,25,Male,Clothing,96.0,2.7,0,0,Credit Card,1
2217,41,Male,Clothing,36.0,4.0,0,0,Other,1
2218,35,Male,Jewelry & Accessories,27.0,2.6,0,0,Other,1
2219,67,Male,Jewelry & Accessories,67.0,3.5,0,0,Debit Card,1
2220,33,Male,Clothing,91.0,2.8,0,0,Other,1
2221,19,Male,Jewelry & Accessories,62.0,4.5,0,0,Cash,1
2222,25,Male,Clothing,88.0,3.0,0,0,Credit Card,1
2223,32,Male,Clothing,66.0,4.4,0,0,Credit Card,1
2224,30,Male,Clothing,65.0,4.7,0,0,PayPal,1
2225,18,Male,Jewelry & Accessories,25.0,4.3,0,0,Cash,1
2226,38,Male,Jewelry & Accessories,64.0,4.8,0,0,Credit Card,1
2227,22,Male,Clothing,72.0,4.8,0,0,Cash,1
2228,40,Male,Jewelry & Accessories,74.0,4.4,0,0,Credit Card,1
2229,54,Male,Jewelry & Accessories,50.0,3.7,0,0,Credit Card,1
2230,70,Male,Clothing,97.0,3.9,0,0,Other,1
2231,52,Male,Clothing,36.0,3.8,0,0,Other,1
2232,34,Male,Clothing,49.0,4.1,0,0,Credit Card,1
2233,65,Male,Clothing,64.0,4.0,0,0,Cash,1
2234,38,Male,Clothing,31.0,4.5,0,0,Credit Card,1
2235,35,Male,Clothing,66.0,4.0,0,0,Cash,1
2236,40,Male,Clothing,82.0,4.5,0,0,Credit Card,1
2237,23,Male,Clothing,88.0,2.7,0,0,Debit Card,1
2238,45,Male,Clothing,34.0,3.8,0,0,Other,1
2239,40,Male,Clothing,84.0,3.8,0,0,Debit Card,1
2240,42,Male,Jewelry & Accessories,96.0,3.8,0,0,Credit Card,1
2241,57,Male,Clothing,71.0,4.3,0,0,Debit Card,1
2242,18,Male,Clothing,77.0,3.5,0,0,Other,1
2243,18,Male,Clothing,66.0,3.8,0,0,Credit Card,1
2244,56,Male,Clothing,21.0,3.7,0,0,Debit Card,1
2245,35,Male,Clothing,37.0,4.8,0,0,PayPal,1
2246,49,Male,Clothing,90.0,4.9,0,0,PayPal,1
2247,49,Male,Clothing,96.0,4.3,0,0,PayPal,1
2248,34,Male,Jewelry & Accessories,37.0,4.4,0,0,Other,1
2249,63,Male,Clothing,66.0,3.4,0,0,PayPal,1
2250,42,Male,Jewelry & Accessories,45.0,4.3,0,0,Debit Card,1
2251,41,Male,Clothing,89.0,4.6,0,0,Credit Card,1
2252,26,Male,Clothing,94.0,3.8,0,0,Debit Card,1
2253,48,Male,Clothing,96.0,3.9,0,0,Other,1
2254,62,Male,Clothing,31.0,2.6,0,0,PayPal,1
2255,24,Male,Jewelry & Accessories,79.0,4.2,0,0,PayPal,1
2256,48,Male,Clothing,39.0,4.6,0,0,Other,1
2257,31,Male,Clothing,22.0,5.0,0,0,Credit Card,1
2258,41,Male,Clothing,32.0,4.2,0,0,Other,1
2259,24,Male,Clothing,71.0,4.3,0,0,Credit Card,1
2260,60,Male,Clothing,96.0,3.3,0,0,Cash,1
2261,38,Male,Jewelry & Accessories,82.0,4.9,0,0,PayPal,1
2262,58,Male,Jewelry & Accessories,76.0,4.4,0,0,Other,1
2263,53,Male,Jewelry & Accessories,22.0,3.1,0,0,PayPal,1
2264,44,Male,Jewelry & Accessories,40.0,3.5,0,0,Cash,1
2265,51,Male,Jewelry & Accessories,92.0,3.9,0,0,PayPal,1
2266,36,Male,Clothing,94.0,3.9,0,0,PayPal,1
2267,20,Male,Clothing,44.0,4.3,0,0,Debit Card,1
2268,32,Male,Jewelry & Accessories,49.0,3.8,0,0,Other,1
2269,66,Male,Clothing,26.0,2.7,0,0,Other,1
2270,49,Male,Clothing,38.0,4.4,0,0,Credit Card,1
2271,27,Male,Clothing,72.0,3.5,0,0,Other,1
2272,29,Male,Clothing,99.0,3.4,0,0,PayPal,1
2273,29,Male,Clothing,38.0,4.0,0,0,PayPal,1
2274,55,Male,Clothing,96.0,4.8,0,0,PayPal,1
2275,57,Male,Clothing,27.0,4.5,0,0,PayPal,1
2276,29,Male,Clothing,24.0,4.4,0,0,Debit Card,1
2277,31,Male,Clothing,82.0,4.1,0,0,Debit Card,1
2278,25,Male,Jewelry & Accessories,56.0,4.6,0,0,Credit Card,1
2279,61,Male,Jewelry & Accessories,25.0,3.8,0,0,Cash,1
2280,53,Male,Clothing,67.0,2.9,0,0,Other,1
2281,22,Male,Clothing,21.0,2.8,0,0,Credit Card,1
2282,28,Male,Clothing,27.0,3.0,0,0,Other,1
2283,18,Male,Clothing,97.0,4.2,0,0,Credit Card,1
2284,44,Male,Jewelry & Accessories,45.0,4.1,0,0,Credit Card,1
2285,32,Male,Clothing,63.0,4.1,0,0,Other,1
2286,34,Male,Jewelry & Accessories,100.0,4.6,0,0,PayPal,1
2287,67,Male,Clothing,38.0,2.5,0,0,Other,1
2288,66,Male,Clothing,45.0,3.0,0,0,Debit Card,1
2289,28,Male,Jewelry & Accessories,91.0,3.8,0,0,PayPal,1
2290,70,Male,Clothing,82.0,4.1,0,0,Other,1
2291,37,Male,Clothing,48.0,3.3,0,0,PayPal,1
2292,28,Male,Clothing,30.0,5.0,0,0,Credit Card,1
2293,43,Male,Clothing,34.0,3.8,0,0,Debit Card,1
2294,37,Male,Clothing,68.0,3.3,0,0,Debit Card,1
2295,54,Male,Jewelry & Accessories,95.0,5.0,0,0,Debit Card,1
2296,50,Male,Jewelry & Accessories,22.0,2.9,0,0,PayPal,1
2297,46,Male,Jewelry & Accessories,88.0,2.5,0,0,Other,1
2298,60,Male,Clothing,83.0,4.7,0,0,Other,1
2299,40,Male,Jewelry & Accessories,87.0,2.9,0,0,Cash,1
2300,64,Male,Clothing,57.0,3.7,0,0,Credit Card,1
2301,18,Male,Clothing,88.0,4.4,0,0,Credit Card,1
2302,37,Male,Clothing,20.0,2.9,0,0,Debit Card,1
2303,36,Male,Jewelry & Accessories,39.0,3.6,0,0,Other,1
2304,51,Male,Jewelry & Accessories,71.0,4.8,0,0,Credit Card,1
2305,26,Male,Clothing,73.0,4.7,0,0,Debit Card,1
2306,68,Male,Jewelry & Accessories,63.0,2.6,0,0,Cash,1
2307,27,Male,Jewelry & Accessories,78.0,3.4,0,0,Cash,1
2308,28,Male,Clothing,96.0,3.5,0,0,Debit Card,1
2309,49,Male,Jewelry & Accessories,81.0,3.4,0,0,Other,1
2310,70,Male,Clothing,95.0,5.0,0,0,Other,1
2311,30,Male,Jewelry & Accessories,68.0,4.6,0,0,PayPal,1
2312,27,Male,Clothing,28.0,4.8,0,0,Other,1
2313,19,Male,Clothing,30.0,3.7,0,0,Cash,1
2314,64,Male,Clothing,31.0,4.7,0,0,Other,1
2315,42,Male,Jewelry & Accessories,95.0,4.4,0,0,Other,1
2316,69,Male,Clothing,79.0,3.5,0,0,Debit Card,1
2317,28,Male,Clothing,39.0,3.8,0,0,Debit Card,1
2318,47,Male,Clothing,34.0,4.7,0,0,Other,1
2319,69,Male,Clothing,28.0,3.1,0,0,Credit Card,1
2320,56,Male,Clothing,38.0,5.0,0,0,PayPal,1
2321,28,Male,Clothing,55.0,3.7,0,0,Debit Card,1
2322,50,Male,Clothing,31.0,3.0,0,0,Debit Card,1
2323,39,Male,Clothing,84.0,4.5,0,0,Other,1
2324,35,Male,Jewelry & Accessories,93.0,4.7,0,0,Credit Card,1
2325,59,Male,Clothing,28.0,3.5,0,0,Debit Card,1
2326,44,Male,Clothing,55.0,4.4,0,0,Cash,1
2327,66,Male,Clothing,63.0,2.6,0,0,Other,1
2328,20,Male,Clothing,94.0,4.2,0,0,Other,1
2329,45,Male,Clothing,36.0,2.6,0,0,Other,1
2330,49,Male,Jewelry & Accessories,97.0,4.8,0,0,Other,1
2331,60,Male,Jewelry & Accessories,63.0,2.9,0,0,PayPal,1
2332,61,Male,Jewelry & Accessories,77.0,4.3,0,0,Credit Card,1
2333,36,Male,Jewelry & Accessories,53.0,2.6,0,0,Other,1
2334,33,Male,Clothing,77.0,3.8,0,0,PayPal,1
2335,49,Male,Clothing,79.0,4.2,0,0,Credit Card,1
2336,31,Male,Clothing,37.0,3.9,0,0,Other,1
2337,19,Male,Jewelry & Accessories,94.0,3.1,0,0,Credit Card,1
2338,39,Male,Clothing,76.0,3.6,0,0,Cash,1
2339,66,Male,Clothing,68.0,4.0,0,0,PayPal,1
2340,25,Male,Clothing,65.0,3.4,0,0,Other,1
2341,63,Male,Clothing,24.0,2.6,0,0,Credit Card,1
2342,56,Male,Clothing,31.0,4.5,0,0,Other,1
2343,20,Male,Clothing,89.0,4.9,0,0,Debit Card,1
2344,58,Male,Clothing,49.0,4.4,0,0,PayPal,1
2345,34,Male,Clothing,92.0,3.5,0,0,Other,1
2346,28,Male,Clothing,32.0,3.3,0,0,Other,1
2347,22,Male,Clothing,67.0,3.1,0,0,Debit Card,1
2348,37,Male,Jewelry & Accessories,64.0,4.2,0,0,Cash,1
2349,54,Male,Clothing,84.0,4.9,0,0,PayPal,1
2350,65,Male,Clothing,34.0,3.9,0,0,Credit Card,1
2351,57,Male,Clothing,26.0,4.2,0,0,Cash,1
2352,38,Male,Clothing,50.0,4.9,0,0,PayPal,1
2353,70,Male,Clothing,46.0,2.8,0,0,Other,1
2354,56,Male,Jewelry & Accessories,71.0,4.1,0,0,Debit Card,1
2355,56,Male,Clothing,78.0,4.8,0,0,Other,1
2356,22,Male,Clothing,35.0,4.1,0,0,Cash,1
2357,57,Male,Jewelry & Accessories,58.0,3.0,0,0,Debit Card,1
2358,53,Male,Clothing,67.0,4.2,0,0,Credit Card,1
2359,53,Male,Clothing,93.0,3.8,0,0,Credit Card,1
2360,19,Male,Jewelry & Accessories,81.0,3.3,0,0,Other,1
2361,49,Male,Jewelry & Accessories,80.0,4.7,0,0,Other,1
2362,44,Male,Jewelry & Accessories,64.0,4.3,0,0,Credit Card,1
2363,27,Male,Clothing,41.0,2.7,0,0,Credit Card,1
2364,60,Male,Clothing,79.0,4.2,0,0,Cash,1
2365,62,Male,Jewelry & Accessories,60.0,4.2,0,0,PayPal,1
2366,52,Male,Clothing,91.0,2.5,0,0,Other,1
2367,30,Male,Clothing,66.0,3.6,0,0,Credit Card,1
2368,66,Male,Clothing,85.0,3.4,0,0,Other,1
2369,29,Male,Jewelry & Accessories,38.0,3.3,0,0,Debit Card,1
2370,24,Male,Clothing,23.0,4.6,0,0,PayPal,1
2371,51,Male,Clothing,71.0,3.9,0,0,Other,1
2372,67,Male,Clothing,25.0,3.7,0,0,Debit Card,1
2373,50,Male,Clothing,39.0,3.1,0,0,PayPal,1
2374,37,Male,Clothing,20.0,4.9,0,0,Debit Card,1
2375,69,Male,Jewelry & Accessories,73.0,4.7,0,0,Debit Card,1
2376,60,Male,Jewelry & Accessories,63.0,2.9,0,0,Credit Card,1
2377,21,Male,Jewelry & Accessories,94.0,4.1,0,0,Cash,1
2378,44,Male,Clothing,94.0,4.0,0,0,Cash,1
2379,26,Male,Jewelry & Accessories,71.0,2.7,0,0,PayPal,1
2380,40,Male,Jewelry & Accessories,77.0,4.0,0,0,Debit Card,1
2381,41,Male,Jewelry & Accessories,66.0,2.5,0,0,PayPal,1
2382,62,Male,Clothing,23.0,4.5,0,0,PayPal,1
2383,39,Male,Clothing,60.0,3.9,0,0,Debit Card,1
2384,53,Male,Jewelry & Accessories,72.0,4.9,0,0,Other,1
2385,24,Male,Clothing,35.0,3.3,0,0,PayPal,1
2386,41,Male,Jewelry & Accessories,31.0,3.8,0,0,PayPal,1
2387,19,Male,Clothing,33.0,2.9,0,0,Other,1
2388,36,Male,Jewelry & Accessories,95.0,4.0,0,0,Debit Card,1
2389,21,Male,Clothing,68.0,4.1,0,0,Debit Card,1
2390,25,Male,Clothing,87.0,3.1,0,0,Other,1
2391,65,Male,Clothing,64.0,4.6,0,0,Debit Card,1
2392,42,Male,Clothing,74.0,4.6,0,0,Other,1
2393,40,Male,Clothing,62.0,2.6,0,0,Cash,1
2394,58,Male,Clothing,97.0,5.0,0,0,PayPal,1
2395,40,Male,Clothing,47.0,2.9,0,0,Debit Card,1
2396,62,Male,Clothing,83.0,3.5,0,0,PayPal,1
2397,38,Male,Clothing,82.0,3.7,0,0,Other,1
2398,37,Male,Jewelry & Accessories,26.0,2.9,0,0,Other,1
2399,65,Male,Clothing,81.0,4.3,0,0,Other,1
2400,55,Male,Clothing,44.0,3.2,0,0,Cash,1
2401,43,Male,Jewelry & Accessories,88.0,4.2,0,0,Credit Card,1
2402,43,Male,Clothing,76.0,4.2,0,0,PayPal,1
2403,45,Male,Jewelry & Accessories,89.0,3.8,0,0,Cash,1
2404,64,Male,Clothing,22.0,4.4,0,0,Debit Card,1
2405,28,Male,Clothing,33.0,3.1,0,0,Credit Card,1
2406,69,Male,Clothing,97.0,5.0,0,0,Debit Card,1
2407,54,Male,Jewelry & Accessories,57.0,4.7,0,0,PayPal,1
2408,52,Male,Clothing,38.0,3.0,0,0,Credit Card,1
2409,23,Male,Clothing,55.0,4.2,0,0,Debit Card,1
2410,26,Male,Jewelry & Accessories,37.0,3.0,0,0,Cash,1
2411,48,Male,Clothing,43.0,3.7,0,0,PayPal,1
2412,49,Male,Clothing,96.0,2.7,0,0,Cash,1
2413,53,Male,Clothing,51.0,4.3,0,0,Other,1
2414,69,Male,Clothing,95.0,2.7,0,0,Other,1
2415,26,Male,Clothing,26.0,3.7,0,0,Credit Card,1
2416,21,Male,Clothing,34.0,4.3,0,0,Other,1
2417,59,Male,Clothing,83.0,4.0,0,0,Credit Card,1
2418,21,Male,Jewelry & Accessories,24.0,3.3,0,0,Other,1
2419,22,Male,Clothing,69.0,4.0,0,0,Cash,1
2420,26,Male,Clothing,40.0,2.7,0,0,Credit Card,1
2421,41,Male,Clothing,87.0,4.2,0,0,PayPal,1
2422,37,Male,Clothing,46.0,4.6,0,0,Debit Card,1
2423,30,Male,Jewelry & Accessories,82.0,4.8,0,0,Credit Card,1
2424,49,Male,Jewelry & Accessories,81.0,2.8,0,0,Credit Card,1
2425,49,Male,Jewelry & Accessories,57.0,4.5,0,0,Other,1
2426,58,Male,Clothing,49.0,3.0,0,0,Other,1
2427,70,Male,Clothing,42.0,4.6,0,0,Debit Card,1
2428,27,Male,Clothing,26.0,3.3,0,0,Cash,1
2429,65,Male,Clothing,38.0,4.4,0,0,Debit Card,1
2430,57,Male,Clothing,57.0,4.4,0,0,Credit Card,1
2431,20,Male,Clothing,100.0,4.3,0,0,Cash,1
2432,34,Male,Clothing,73.0,3.4,0,0,Other,1
2433,59,Male,Clothing,66.0,2.8,0,0,Other,1
2434,54,Male,Clothing,73.0,3.4,0,0,Cash,1
2435,36,Male,Jewelry & Accessories,45.0,5.0,0,0,Credit Card,1
2436,21,Male,Clothing,27.0,4.5,0,0,Cash,1
2437,52,Male,Clothing,24.0,2.7,0,0,Credit Card,1
2438,43,Male,Clothing,59.0,3.4,0,0,Credit Card,1
2439,32,Male,Clothing,20.0,3.4,0,0,Other,1
2440,55,Male,Jewelry & Accessories,44.0,2.8,0,0,Other,1
2441,31,Male,Clothing,90.0,4.7,0,0,Other,1
2442,45,Male,Jewelry & Accessories,36.0,4.7,0,0,Credit Card,1
2443,53,Male,Clothing,95.0,4.7,0,0,Debit Card,1
2444,24,Male,Jewelry & Accessories,30.0,3.4,0,0,Other,1
2445,47,Male,Jewelry & Accessories,65.0,3.7,0,0,Debit Card,1
2446,63,Male,Jewelry & Accessories,96.0,4.1,0,0,Cash,1
2447,38,Male,Clothing,65.0,2.9,0,0,Credit Card,1
2448,59,Male,Clothing,47.0,3.2,0,0,Other,1
2449,54,Male,Jewelry & Accessories,25.0,3.0,0,0,PayPal,1
2450,26,Male,Clothing,56.0,4.1,0,0,Other,1
2451,68,Male,Clothing,76.0,4.5,0,0,Other,1
2452,41,Male,Clothing,60.0,3.4,0,0,Other,1
2453,68,Male,Clothing,67.0,4.1,0,0,Other,1
2454,21,Male,Clothing,95.0,4.6,0,0,Cash,1
2455,32,Male,Jewelry & Accessories,72.0,4.6,0,0,Other,1
2456,20,Male,Jewelry & Accessories,98.0,3.4,0,0,Cash,1
2457,59,Male,Clothing,83.0,3.3,0,0,PayPal,1
2458,53,Male,Jewelry & Accessories,37.0,3.6,0,0,Cash,1
2459,66,Male,Clothing,85.0,4.6,0,0,Other,1
2460,47,Male,Clothing,36.0,4.3,0,0,Cash,1
2461,58,Male,Clothing,36.0,4.0,0,0,Credit Card,1
2462,28,Male,Jewelry & Accessories,86.0,4.8,0,0,Credit Card,1
2463,68,Male,Clothing,99.0,4.3,0,0,Other,1
2464,60,Male,Clothing,21.0,3.3,0,0,Cash,1
2465,47,Male,Clothing,84.0,2.8,0,0,Cash,1
2466,18,Male,Clothing,63.0,4.4,0,0,Other,1
2467,32,Male,Clothing,84.0,3.7,0,0,Cash,1
2468,27,Male,Clothing,72.0,3.6,0,0,Credit Card,1
2469,65,Male,Clothing,21.0,3.7,0,0,Other,1
2470,68,Male,Clothing,92.0,5.0,0,0,PayPal,1
2471,55,Male,Clothing,72.0,2.7,0,0,Credit Card,1
2472,30,Male,Clothing,83.0,4.3,0,0,Cash,1
2473,24,Male,Clothing,73.0,4.1,0,0,Credit Card,1
2474,57,Male,Clothing,98.0,2.6,0,0,Cash,1
2475,23,Male,Clothing,76.0,3.2,0,0,Other,1
2476,69,Male,Clothing,43.0,3.5,0,0,Other,1
2477,60,Male,Jewelry & Accessories,60.0,3.7,0,0,Cash,1
2478,25,Male,Jewelry & Accessories,40.0,3.8,0,0,PayPal,1
2479,18,Male,Clothing,93.0,4.8,0,0,Other,1
2480,37,Male,Clothing,98.0,4.2,0,0,Credit Card,1
2481,61,Male,Clothing,91.0,2.9,0,0,Credit Card,1
2482,41,Male,Jewelry & Accessories,92.0,2.9,0,0,Debit Card,1
2483,69,Male,Jewelry & Accessories,87.0,4.8,0,0,Credit Card,1
2484,32,Male,Clothing,96.0,2.9,0,0,Debit Card,1
2485,60,Male,Clothing,97.0,4.8,0,0,Cash,1
2486,43,Male,Clothing,55.0,4.6,0,0,Other,1
2487,61,Male,Clothing,58.0,4.4,0,0,Credit Card,1
2488,57,Male,Clothing,21.0,3.0,0,0,PayPal,1
2489,56,Male,Jewelry & Accessories,82.0,4.4,0,0,PayPal,1
2490,66,Male,Clothing,34.0,3.9,0,0,Other,1
2491,52,Male,Clothing,78.0,4.0,0,0,Cash,1
2492,63,Male,Jewelry & Accessories,47.0,2.5,0,0,Other,1
2493,50,Male,Jewelry & Accessories,96.0,4.1,0,0,Other,1
2494,21,Male,Clothing,23.0,4.8,0,0,Other,1
2495,42,Male,Clothing,27.0,2.6,0,0,Debit Card,1
2496,40,Male,Jewelry & Accessories,37.0,3.1,0,0,Credit Card,1
2497,67,Male,Jewelry & Accessories,79.0,3.2,0,0,Credit Card,1
2498,35,Male,Jewelry & Accessories,40.0,4.2,0,0,Other,1
2499,18,Male,Clothing,39.0,2.6,0,0,Cash,1
2500,52,Male,Clothing,73.0,3.1,0,0,Cash,1
2501,59,Male,Jewelry & Accessories,84.0,2.9,0,0,Cash,1
2502,49,Male,Clothing,94.0,4.6,0,0,Other,1
2503,46,Male,Clothing,47.0,4.1,0,0,PayPal,1
2504,69,Male,Clothing,77.0,2.5,0,0,Debit Card,1
2505,56,Male,Clothing,94.0,4.0,0,0,Cash,1
2506,27,Male,Jewelry & Accessories,75.0,3.5,0,0,PayPal,1
2507,57,Male,Clothing,82.0,4.4,0,0,Other,1
2508,58,Male,Clothing,36.0,2.9,0,0,Credit Card,1
2509,23,Male,Clothing,90.0,3.1,0,0,Debit Card,1
2510,19,Male,Clothing,48.0,4.4,0,0,Other,1
2511,40,Male,Clothing,42.0,4.4,0,0,Credit Card,1
2512,54,Male,Jewelry & Accessories,33.0,2.7,0,0,PayPal,1
2513,50,Male,Clothing,63.0,4.9,0,0,Credit Card,1
2514,69,Male,Jewelry & Accessories,53.0,3.5,0,0,Cash,1
2515,42,Male,Jewelry & Accessories,37.0,4.8,0,0,PayPal,1
2516,37,Male,Clothing,92.0,4.2,0,0,Cash,1
2517,46,Male,Clothing,73.0,4.6,0,0,Debit Card,1
2518,64,Male,Clothing,38.0,2.9,0,0,Other,1
2519,20,Male,Clothing,51.0,4.0,0,0,Other,1
2520,40,Male,Clothing,90.0,4.9,0,0,Credit Card,1
2521,64,Male,Clothing,56.0,3.1,0,0,Cash,1
2522,29,Male,Jewelry & Accessories,33.0,4.4,0,0,PayPal,1
2523,20,Male,Jewelry & Accessories,53.0,2.5,0,0,Debit Card,1
2524,43,Male,Jewelry & Accessories,24.0,3.4,0,0,Other,1
2525,60,Male,Clothing,59.0,3.7,0,0,Credit Card,1
2526,39,Male,Clothing,72.0,4.2,0,0,PayPal,1
2527,47,Male,Clothing,28.0,3.4,0,0,PayPal,1
2528,19,Male,Clothing,36.0,3.6,0,0,Other,1
2529,52,Male,Jewelry & Accessories,47.0,4.7,0,0,Debit Card,1
2530,34,Male,Jewelry & Accessories,62.0,4.7,0,0,Other,1
2531,25,Male,Clothing,98.0,3.6,0,0,Debit Card,1
2532,43,Male,Clothing,28.0,4.6,0,0,Cash,1
2533,55,Male,Clothing,86.0,2.6,0,0,Debit Card,1
2534,66,Male,Jewelry & Accessories,46.0,3.1,0,0,Cash,1
2535,41,Male,Jewelry & Accessories,42.0,3.2,0,0,Cash,1
2536,47,Male,Clothing,80.0,3.9,0,0,Other,1
2537,51,Male,Jewelry & Accessories,39.0,4.9,0,0,PayPal,1
2538,44,Male,Clothing,49.0,4.1,0,0,PayPal,1
2539,18,Male,Jewelry & Accessories,32.0,4.2,0,0,Credit Card,1
2540,33,Male,Clothing,73.0,4.1,0,0,Cash,1
2541,24,Male,Jewelry & Accessories,42.0,3.9,0,0,Debit Card,1
2542,33,Male,Jewelry & Accessories,58.0,2.7,0,0,Other,1
2543,61,Male,Jewelry & Accessories,22.0,3.7,0,0,PayPal,1
2544,27,Male,Jewelry & Accessories,56.0,2.7,0,0,PayPal,1
2545,46,Male,Clothing,70.0,2.5,0,0,Other,1
2546,38,Male,Clothing,50.0,3.9,0,0,Debit Card,1
2547,63,Male,Clothing,21.0,3.0,0,0,Credit Card,1
2548,47,Male,Clothing,97.0,3.2,0,0,Cash,1
2549,42,Male,Jewelry & Accessories,63.0,3.8,0,0,Credit Card,1
2550,41,Male,Clothing,60.0,2.7,0,0,Debit Card,1
2551,53,Male,Clothing,52.0,3.0,0,0,Debit Card,1
2552,29,Male,Clothing,32.0,4.1,0,0,Debit Card,1
2553,61,Male,Jewelry & Accessories,48.0,3.2,0,0,Credit Card,1
2554,69,Male,Jewelry & Accessories,25.0,4.5,0,0,Other,1
2555,51,Male,Jewelry & Accessories,68.0,4.3,0,0,Debit Card,1
2556,24,Male,Clothing,74.0,3.5,0,0,Credit Card,1
2557,24,Male,Clothing,88.0,3.1,0,0,Other,1
2558,70,Male,Clothing,23.0,3.9,0,0,PayPal,1
2559,49,Male,Clothing,32.0,2.7,0,0,PayPal,1
2560,48,Male,Jewelry & Accessories,71.0,4.0,0,0,Debit Card,1
2561,58,Male,Clothing,62.0,2.7,0,0,Debit Card,1
2562,32,Male,Clothing,20.0,2.7,0,0,Debit Card,1
2563,57,Male,Clothing,62.0,4.7,0,0,Cash,1
2564,69,Male,Jewelry & Accessories,81.0,4.5,0,0,Other,1
2565,42,Male,Jewelry & Accessories,90.0,3.0,0,0,Other,1
2566,30,Male,Clothing,43.0,3.6,0,0,Other,1
2567,35,Male,Jewelry & Accessories,38.0,3.3,0,0,PayPal,1
2568,19,Male,Jewelry & Accessories,25.0,4.3,0,0,Cash,1
2569,52,Male,Clothing,98.0,4.3,0,0,PayPal,1
2570,42,Male,Clothing,75.0,4.8,0,0,Other,1
2571,36,Male,Clothing,27.0,4.0,0,0,PayPal,1
2572,45,Male,Jewelry & Accessories,27.0,3.5,0,0,Cash,1
2573,54,Male,Clothing,42.0,3.9,0,0,Other,1
2574,54,Male,Clothing,90.0,4.4,0,0,Other,1
2575,27,Male,Jewelry & Accessories,63.0,4.6,0,0,Credit Card,1
2576,53,Male,Clothing,96.0,4.0,0,0,PayPal,1
2577,20,Male,Clothing,40.0,4.2,0,0,Debit Card,1
2578,52,Male,Clothing,39.0,4.5,0,0,Other,1
2579,54,Male,Jewelry & Accessories,48.0,3.9,0,0,Cash,1
2580,65,Male,Clothing,20.0,3.7,0,0,Other,1
2581,43,Male,Clothing,29.0,3.6,0,0,Other,1
2582,57,Male,Clothing,81.0,4.7,0,0,Credit Card,1
2583,19,Male,Clothing,98.0,3.6,0,0,Other,1
2584,69,Male,Clothing,93.0,2.5,0,0,Cash,1
2585,26,Male,Clothing,30.0,2.9,0,0,Other,1
2586,57,Male,Jewelry & Accessories,37.0,4.4,0,0,Debit Card,1
2587,20,Male,Clothing,28.0,4.6,0,0,Credit Card,1
2588,55,Male,Jewelry & Accessories,29.0,3.7,0,0,PayPal,1
2589,44,Male,Jewelry & Accessories,49.0,3.2,0,0,Other,1
2590,52,Male,Clothing,53.0,4.9,0,0,PayPal,1
2591,57,Male,Jewelry & Accessories,66.0,5.0,0,0,Other,1
2592,40,Male,Clothing,61.0,3.3,0,0,Cash,1
2593,23,Male,Clothing,23.0,4.4,0,0,Other,1
2594,36,Male,Clothing,36.0,4.7,0,0,Other,1
2595,59,Male,Clothing,81.0,3.6,0,0,Cash,1
2596,29,Male,Clothing,56.0,3.2,0,0,Other,1
2597,63,Male,Clothing,78.0,3.0,0,0,Credit Card,1
2598,60,Male,Jewelry & Accessories,25.0,4.4,0,0,Other,1
2599,64,Male,Jewelry & Accessories,86.0,3.3,0,0,Debit Card,1
2600,63,Male,Jewelry & Accessories,99.0,3.4,0,0,Credit Card,1
2601,21,Male,Jewelry & Accessories,83.0,3.9,0,0,Other,1
2602,61,Male,Clothing,33.0,2.9,0,0,Cash,1
2603,65,Male,Clothing,44.0,2.9,0,0,Other,1
2604,69,Male,Clothing,58.0,2.7,0,0,Cash,1
2605,47,Male,Clothing,54.0,3.4,0,0,Debit Card,1
2606,41,Male,Clothing,93.0,3.7,0,0,Other,1
2607,68,Male,Clothing,98.0,4.7,0,0,Other,1
2608,41,Male,Clothing,36.0,3.1,0,0,PayPal,1
2609,42,Male,Clothing,68.0,4.2,0,0,Credit Card,1
2610,66,Male,Jewelry & Accessories,95.0,3.0,0,0,Debit Card,1
2611,66,Male,Clothing,93.0,3.1,0,0,Cash,1
2612,33,Male,Clothing,99.0,4.2,0,0,Cash,1
2613,55,Male,Jewelry & Accessories,22.0,3.8,0,0,Other,1
2614,58,Male,Jewelry & Accessories,88.0,2.9,0,0,Other,1
2615,18,Male,Clothing,65.0,4.2,0,0,Other,1
2616,49,Male,Clothing,62.0,3.1,0,0,Debit Card,1
2617,61,Male,Clothing,55.0,3.6,0,0,Cash,1
2618,31,Male,Clothing,97.0,4.8,0,0,Other,1
2619,70,Male,Jewelry & Accessories,77.0,4.1,0,0,Other,1
2620,68,Male,Clothing,40.0,3.9,0,0,Credit Card,1
2621,27,Male,Clothing,23.0,3.0,0,0,Debit Card,1
2622,48,Male,Clothing,46.0,3.0,0,0,Other,1
2623,63,Male,Jewelry & Accessories,75.0,4.9,0,0,Credit Card,1
2624,49,Male,Clothing,76.0,4.8,0,0,Cash,1
2625,19,Male,Clothing,59.0,3.3,0,0,Credit Card,1
2626,30,Male,Clothing,51.0,2.7,0,0,Credit Card,1
2627,50,Male,Clothing,46.0,4.2,0,0,Credit Card,1
2628,66,Male,Clothing,26.0,3.6,0,0,Other,1
2629,25,Male,Clothing,51.0,3.8,0,0,Credit Card,1
2630,61,Male,Jewelry & Accessories,44.0,3.8,0,0,Other,1
2631,29,Male,Clothing,82.0,4.2,0,0,Cash,1
2632,53,Male,Clothing,44.0,2.7,0,0,Cash,1
2633,24,Male,Jewelry & Accessories,27.0,5.0,0,0,Cash,1
2634,51,Male,Jewelry & Accessories,90.0,4.7,0,0,Credit Card,1
2635,26,Male,Clothing,58.0,3.2,0,0,PayPal,1
2636,59,Male,Clothing,80.0,2.9,0,0,PayPal,1
2637,41,Male,Clothing,40.0,4.2,0,0,Other,1
2638,20,Male,Clothing,23.0,3.7,0,0,PayPal,1
2639,22,Male,Clothing,34.0,4.2,0,0,Credit Card,1
2640,18,Male,Clothing,35.0,2.6,0,0,Debit Card,1
2641,30,Male,Clothing,75.0,4.0,0,0,Other,1
2642,25,Male,Jewelry & Accessories,60.0,2.7,0,0,Other,1
2643,39,Male,Jewelry & Accessories,87.0,4.0,0,0,Other,1
2644,49,Male,Jewelry & Accessories,41.0,2.9,0,0,Cash,1
2645,25,Male,Clothing,83.0,3.3,0,0,Other,1
2646,23,Male,Jewelry & Accessories,81.0,4.0,0,0,Other,1
2647,33,Male,Clothing,56.0,3.9,0,0,Debit Card,1
2648,60,Male,Clothing,58.0,3.3,0,0,Debit Card,1
2649,51,Male,Clothing,84.0,3.9,0,0,PayPal,1
2650,23,Male,Jewelry & Accessories,21.0,3.9,0,0,Other,1
2651,20,Male,Clothing,35.0,4.2,0,0,Credit Card,1
2652,51,Male,Clothing,43.0,4.6,0,0,PayPal,1
2653,23,Female,Clothing,20.0,3.3,0,0,Credit Card,1
2654,67,Female,Clothing,36.0,4.8,0,0,Other,1
2655,23,Female,Clothing,70.0,4.1,0,0,PayPal,1
2656,26,Female,Jewelry & Accessories,83.0,3.4,0,0,Credit Card,1
2657,52,Female,Clothing,76.0,3.6,0,0,Other,1
2658,52,Female,Clothing,81.0,2.7,0,0,Credit Card,1
2659,52,Female,Jewelry & Accessories,47.0,3.2,0,0,PayPal,1
2660,35,Female,Clothing,35.0,4.4,0,0,Credit Card,1
2661,24,Female,Clothing,85.0,4.9,0,0,Other,1
2662,43,Female,Clothing,96.0,4.8,0,0,Other,1
2663,25,Female,Clothing,98.0,2.8,0,0,PayPal,1
2664,46,Female,Clothing,52.0,2.9,0,0,Other,1
2665,22,Female,Jewelry & Accessories,84.0,3.2,0,0,PayPal,1
2666,70,Female,Clothing,71.0,3.5,0,0,Other,1
2667,49,Female,Clothing,95.0,4.1,0,0,Other,1
2668,48,Female,Clothing,47.0,4.1,0,0,Cash,1
2669,59,Female,Clothing,75.0,4.8,0,0,PayPal,1
2670,39,Female,Jewelry & Accessories,28.0,2.8,0,0,Credit Card,1
2671,30,Female,Jewelry & Accessories,44.0,4.7,0,0,Other,1
2672,37,Female,Clothing,64.0,4.8,0,0,PayPal,1
2673,56,Female,Clothing,28.0,2.9,0,0,Cash,1
2674,67,Female,Clothing,21.0,2.6,0,0,Cash,1
2675,40,Female,Jewelry & Accessories,41.0,3.3,0,0,Cash,1
2676,24,Female,Clothing,38.0,3.4,0,0,Cash,1
2677,43,Female,Jewelry & Accessories,77.0,3.6,0,0,Cash,1
2678,45,Female,Clothing,43.0,3.8,0,0,PayPal,1
2679,33,Female,Jewelry & Accessories,91.0,3.4,0,0,Credit Card,1
2680,53,Female,Clothing,68.0,3.8,0,0,Debit Card,1
2681,44,Female,Clothing,37.0,3.3,0,0,Other,1
2682,23,Female,Clothing,23.0,4.8,0,0,Debit Card,1
2683,59,Female,Clothing,65.0,3.9,0,0,Other,1
2684,68,Female,Jewelry & Accessories,30.0,4.2,0,0,Cash,1
2685,46,Female,Clothing,45.0,4.7,0,0,Credit Card,1
2686,56,Female,Clothing,25.0,2.7,0,0,Credit Card,1
2687,40,Female,Clothing,72.0,3.8,0,0,Cash,1
2688,61,Female,Clothing,75.0,3.6,0,0,Debit Card,1
2689,53,Female,Jewelry & Accessories,63.0,2.9,0,0,Credit Card,1
2690,29,Female,Clothing,35.0,3.9,0,0,PayPal,1
2691,44,Female,Jewelry & Accessories,32.0,4.7,0,0,Other,1
2692,43,Female,Clothing,25.0,3.3,0,0,Cash,1
2693,40,Female,Clothing,90.0,4.2,0,0,Debit Card,1
2694,55,Female,Clothing,70.0,2.6,0,0,Cash,1
2695,66,Female,Jewelry & Accessories,27.0,4.9,0,0,Credit Card,1
2696,50,Female,Jewelry & Accessories,92.0,3.6,0,0,PayPal,1
2697,57,Female,Clothing,20.0,4.7,0,0,Debit Card,1
2698,42,Female,Clothing,52.0,3.2,0,0,Other,1
2699,55,Female,Clothing,57.0,3.6,0,0,Other,1
2700,25,Female,Clothing,96.0,3.6,0,0,Debit Card,1
2701,22,Female,Clothing,68.0,3.2,0,0,Cash,1
2702,49,Female,Clothing,30.0,2.8,0,0,Other,1
2703,70,Female,Clothing,37.0,4.0,0,0,Debit Card,1
2704,56,Female,Jewelry & Accessories,42.0,4.4,0,0,PayPal,1
2705,52,Female,Clothing,54.0,3.4,0,0,Debit Card,1
2706,65,Female,Clothing,81.0,5.0,0,0,Credit Card,1
2707,24,Female,Clothing,40.0,3.1,0,0,Debit Card,1
2708,32,Female,Jewelry & Accessories,88.0,4.2,0,0,Cash,1
2709,57,Female,Clothing,94.0,3.3,0,0,Debit Card,1
2710,35,Female,Clothing,54.0,2.9,0,0,Credit Card,1
2711,69,Female,Clothing,51.0,4.7,0,0,Other,1
2712,30,Female,Jewelry & Accessories,22.0,4.0,0,0,Other,1
2713,37,Female,Clothing,95.0,4.6,0,0,Debit Card,1
2714,19,Female,Clothing,57.0,3.8,0,0,Debit Card,1
2715,53,Female,Clothing,45.0,3.6,0,0,Credit Card,1
2716,25,Female,Clothing,92.0,4.1,0,0,PayPal,1
2717,47,Female,Clothing,40.0,2.7,0,0,Debit Card,1
2718,18,Female,Jewelry & Accessories,62.0,4.3,0,0,Credit Card,1
2719,22,Female,Clothing,90.0,4.9,0,0,Other,1
2720,69,Female,Clothing,82.0,4.2,0,0,Other,1
2721,55,Female,Jewelry & Accessories,52.0,2.8,0,0,Other,1
2722,19,Female,Clothing,70.0,4.9,0,0,PayPal,1
2723,23,Female,Jewelry & Accessories,83.0,2.8,0,0,PayPal,1
2724,54,Female,Clothing,49.0,2.9,0,0,PayPal,1
2725,52,Female,Clothing,91.0,2.5,0,0,Debit Card,1
2726,64,Female,Jewelry & Accessories,99.0,2.7,0,0,Debit Card,1
2727,33,Female,Jewelry & Accessories,92.0,3.3,0,0,PayPal,1
2728,40,Female,Clothing,87.0,3.7,0,0,Credit Card,1
2729,26,Female,Clothing,28.0,4.0,0,0,Debit Card,1
2730,31,Female,Jewelry & Accessories,71.0,4.1,0,0,Credit Card,1
2731,23,Female,Jewelry & Accessories,32.0,4.1,0,0,Other,1
2732,52,Female,Jewelry & Accessories,33.0,2.5,0,0,Other,1
2733,21,Female,Clothing,75.0,4.2,0,0,Debit Card,1
2734,31,Female,Jewelry & Accessories,83.0,4.7,0,0,PayPal,1
2735,63,Female,Clothing,93.0,2.7,0,0,Cash,1
2736,46,Female,Clothing,29.0,3.0,0,0,PayPal,1
2737,44,Female,Clothing,25.0,4.8,0,0,Credit Card,1
2738,57,Female,Jewelry & Accessories,76.0,4.4,0,0,Cash,1
2739,50,Female,Clothing,81.0,4.3,0,0,Other,1
2740,33,Female,Clothing,80.0,2.5,0,0,Credit Card,1
2741,19,Female,Jewelry & Accessories,70.0,4.9,0,0,Other,1
2742,68,Female,Clothing,81.0,4.9,0,0,Other,1
2743,27,Female,Clothing,86.0,3.9,0,0,Debit Card,1
2744,61,Female,Jewelry & Accessories,94.0,4.1,0,0,Other,1
2745,38,Female,Clothing,66.0,3.3,0,0,Credit Card,1
2746,28,Female,Clothing,98.0,4.1,0,0,PayPal,1
2747,39,Female,Clothing,25.0,3.7,0,0,PayPal,1
2748,18,Female,Clothing,62.0,3.1,0,0,Credit Card,1
2749,24,Female,Clothing,98.0,3.0,0,0,Other,1
2750,64,Female,Clothing,53.0,3.4,0,0,Other,1
2751,51,Female,Clothing,66.0,2.7,0,0,PayPal,1
2752,27,Female,Clothing,52.0,3.1,0,0,Other,1
2753,48,Female,Clothing,64.0,4.0,0,0,Other,1
2754,69,Female,Jewelry & Accessories,59.0,3.6,0,0,PayPal,1
2755,59,Female,Jewelry & Accessories,61.0,3.6,0,0,Other,1
2756,59,Female,Jewelry & Accessories,97.0,3.3,0,0,Credit Card,1
2757,42,Female,Jewelry & Accessories,23.0,4.1,0,0,PayPal,1
2758,39,Female,Jewelry & Accessories,98.0,4.3,0,0,Other,1
2759,32,Female,Clothing,98.0,3.2,0,0,Other,1
2760,68,Female,Clothing,59.0,3.9,0,0,Cash,1
2761,41,Female,Clothing,82.0,5.0,0,0,Credit Card,1
2762,31,Female,Clothing,82.0,3.4,0,0,Credit Card,1
2763,58,Female,Clothing,41.0,3.8,0,0,Debit Card,1
2764,28,Female,Jewelry & Accessories,52.0,2.9,0,0,Other,1
2765,63,Female,Clothing,41.0,2.6,0,0,Debit Card,1
2766,64,Female,Jewelry & Accessories,70.0,4.3,0,0,Credit Card,1
2767,66,Female,Clothing,91.0,2.8,0,0,Credit Card,1
2768,31,Female,Clothing,95.0,4.5,0,0,Cash,1
2769,55,Female,Clothing,25.0,3.8,0,0,PayPal,1
2770,32,Female,Clothing,89.0,3.0,0,0,Cash,1
2771,50,Female,Clothing,44.0,3.3,0,0,Other,1
2772,58,Female,Clothing,52.0,3.1,0,0,Other,1
2773,18,Female,Jewelry & Accessories,94.0,3.5,0,0,Other,1
2774,39,Female,Clothing,98.0,4.6,0,0,Other,1
2775,56,Female,Clothing,40.0,4.1,0,0,Credit Card,1
2776,37,Female,Clothing,25.0,3.6,0,0,Debit Card,1
2777,46,Female,Jewelry & Accessories,62.0,2.9,0,0,Other,1
2778,52,Female,Clothing,24.0,4.8,0,0,Credit Card,1
2779,70,Female,Jewelry & Accessories,57.0,3.2,0,0,Credit Card,1
2780,61,Female,Jewelry & Accessories,66.0,4.3,0,0,Credit Card,1
2781,33,Female,Clothing,70.0,4.1,0,0,PayPal,1
2782,65,Female,Clothing,39.0,4.6,0,0,PayPal,1
2783,41,Female,Jewelry & Accessories,34.0,3.8,0,0,PayPal,1
2784,19,Female,Clothing,38.0,4.5,0,0,Credit Card,1
2785,33,Female,Clothing,70.0,3.1,0,0,PayPal,1
2786,53,Female,Clothing,80.0,2.9,0,0,Other,1
2787,54,Female,Jewelry & Accessories,51.0,3.8,0,0,Debit Card,1
2788,36,Female,Clothing,79.0,4.1,0,0,Other,1
2789,56,Female,Clothing,92.0,3.1,0,0,Credit Card,1
2790,28,Female,Clothing,85.0,5.0,0,0,Credit Card,1
2791,34,Female,Clothing,63.0,4.5,0,0,Debit Card,1
2792,43,Female,Jewelry & Accessories,60.0,2.8,0,0,Other,1
2793,54,Female,Clothing,44.0,3.2,0,0,Credit Card,1
2794,37,Female,Clothing,57.0,3.1,0,0,Debit Card,1
2795,33,Female,Clothing,24.0,3.3,0,0,Cash,1
2796,33,Female,Jewelry & Accessories,35.0,3.4,0,0,PayPal,1
2797,55,Female,Clothing,73.0,3.8,0,0,Cash,1
2798,63,Female,Jewelry & Accessories,42.0,3.5,0,0,Other,1
2799,52,Female,Clothing,20.0,4.8,0,0,PayPal,1
2800,23,Female,Clothing,89.0,3.9,0,0,Other,1
2801,70,Female,Clothing,76.0,3.4,0,0,Cash,1
2802,64,Female,Clothing,56.0,2.6,0,0,PayPal,1
2803,22,Female,Clothing,100.0,3.1,0,0,Credit Card,1
2804,46,Female,Clothing,44.0,3.3,0,0,Other,1
2805,65,Female,Clothing,76.0,2.8,0,0,Other,1
2806,18,Female,Jewelry & Accessories,97.0,4.3,0,0,Cash,1
2807,45,Female,Clothing,39.0,2.7,0,0,Credit Card,1
2808,56,Female,Clothing,100.0,4.4,0,0,Debit Card,1
2809,49,Female,Clothing,62.0,3.9,0,0,PayPal,1
2810,66,Female,Clothing,98.0,3.0,0,0,Debit Card,1
2811,27,Female,Clothing,31.0,4.0,0,0,Debit Card,1
2812,69,Female,Clothing,89.0,3.7,0,0,Credit Card,1
2813,66,Female,Clothing,91.0,3.8,0,0,Credit Card,1
2814,45,Female,Clothing,50.0,3.3,0,0,Debit Card,1
2815,31,Female,Clothing,32.0,3.6,0,0,Other,1
2816,33,Female,Clothing,67.0,3.9,0,0,Other,1
2817,43,Female,Clothing,28.0,3.5,0,0,Other,1
2818,25,Female,Jewelry & Accessories,65.0,3.4,0,0,Other,1
2819,46,Female,Clothing,73.0,4.7,0,0,Debit Card,1
2820,67,Female,Clothing,27.0,3.0,0,0,Cash,1
2821,26,Female,Jewelry & Accessories,89.0,3.9,0,0,Cash,1
2822,35,Female,Clothing,72.0,4.5,0,0,Other,1
2823,61,Female,Clothing,37.0,4.1,0,0,PayPal,1
2824,26,Female,Clothing,63.0,4.5,0,0,Debit Card,1
2825,39,Female,Jewelry & Accessories,90.0,4.0,0,0,Debit Card,1
2826,69,Female,Jewelry & Accessories,62.0,4.3,0,0,Other,1
2827,32,Female,Jewelry & Accessories,43.0,3.6,0,0,Other,1
2828,20,Female,Clothing,96.0,3.1,0,0,Other,1
2829,25,Female,Jewelry & Accessories,83.0,2.6,0,0,PayPal,1
2830,56,Female,Jewelry & Accessories,67.0,3.4,0,0,Cash,1
2831,63,Female,Clothing,90.0,2.9,0,0,Other,1
2832,34,Female,Clothing,53.0,5.0,0,0,Credit Card,1
2833,29,Female,Jewelry & Accessories,37.0,4.6,0,0,PayPal,1
2834,43,Female,Clothing,56.0,3.3,0,0,Cash,1
2835,39,Female,Clothing,43.0,2.9,0,0,Credit Card,1
2836,33,Female,Clothing,84.0,4.9,0,0,Other,1
2837,51,Female,Clothing,50.0,5.0,0,0,Cash,1
2838,65,Female,Clothing,88.0,4.5,0,0,PayPal,1
2839,51,Female,Clothing,50.0,3.7,0,0,Other,1
2840,70,Female,Jewelry & Accessories,80.0,2.8,0,0,Other,1
2841,40,Female,Clothing,47.0,3.5,0,0,Cash,1
2842,19,Female,Clothing,33.0,3.0,0,0,Cash,1
2843,28,Female,Clothing,100.0,4.3,0,0,Debit Card,1
2844,51,Female,Clothing,26.0,3.6,0,0,Other,1
2845,32,Female,Jewelry & Accessories,79.0,4.4,0,0,Other,1
2846,26,Female,Jewelry & Accessories,77.0,4.1,0,0,Debit Card,1
2847,50,Female,Clothing,36.0,2.8,0,0,PayPal,1
2848,68,Female,Jewelry & Accessories,21.0,2.8,0,0,PayPal,1
2849,33,Female,Clothing,72.0,4.9,0,0,Other,1
2850,56,Female,Clothing,25.0,4.1,0,0,PayPal,1
2851,57,Female,Clothing,79.0,3.0,0,0,Debit Card,1
2852,58,Female,Clothing,73.0,3.0,0,0,Debit Card,1
2853,40,Female,Jewelry & Accessories,71.0,3.0,0,0,Other,1
2854,37,Female,Jewelry & Accessories,48.0,3.2,0,0,PayPal,1
2855,36,Female,Clothing,28.0,2.7,0,0,Other,1
2856,29,Female,Clothing,95.0,3.8,0,0,PayPal,1
2857,65,Female,Clothing,48.0,3.5,0,0,Credit Card,1
2858,44,Female,Clothing,93.0,3.8,0,0,Debit Card,1
2859,34,Female,Clothing,87.0,3.8,0,0,Other,1
2860,31,Female,Clothing,32.0,3.4,0,0,Other,1
2861,28,Female,Clothing,38.0,2.9,0,0,Other,1
2862,66,Female,Clothing,54.0,3.4,0,0,Credit Card,1
2863,68,Female,Clothing,75.0,4.7,0,0,Other,1
2864,37,Female,Clothing,56.0,3.9,0,0,Other,1
2865,58,Female,Clothing,43.0,3.6,0,0,Other,1
2866,28,Female,Clothing,97.0,3.7,0,0,Cash,1
2867,54,Female,Clothing,75.0,3.1,0,0,Cash,1
2868,21,Female,Clothing,55.0,4.9,0,0,Cash,1
2869,45,Female,Jewelry & Accessories,49.0,2.6,0,0,PayPal,1
2870,57,Female,Clothing,58.0,4.2,0,0,Other,1
2871,47,Female,Jewelry & Accessories,34.0,4.8,0,0,Debit Card,1
2872,46,Female,Clothing,43.0,2.7,0,0,Other,1
2873,63,Female,Jewelry & Accessories,48.0,2.6,0,0,Cash,1
2874,44,Female,Clothing,40.0,2.6,0,0,Other,1
2875,36,Female,Clothing,29.0,3.1,0,0,Debit Card,1
2876,24,Female,Clothing,81.0,2.6,0,0,Debit Card,1
2877,65,Female,Clothing,84.0,3.4,0,0,Other,1
2878,32,Female,Clothing,46.0,3.6,0,0,Other,1
2879,63,Female,Clothing,86.0,4.3,0,0,Other,1
2880,62,Female,Clothing,57.0,4.9,0,0,Other,1
2881,19,Female,Clothing,61.0,4.8,0,0,PayPal,1
2882,38,Female,Jewelry & Accessories,90.0,4.2,0,0,Other,1
2883,59,Female,Clothing,51.0,2.6,0,0,Credit Card,1
2884,22,Female,Clothing,48.0,3.2,0,0,PayPal,1
2885,55,Female,Clothing,50.0,3.4,0,0,Credit Card,1
2886,29,Female,Jewelry & Accessories,82.0,3.5,0,0,Credit Card,1
2887,42,Female,Jewelry & Accessories,33.0,4.2,0,0,PayPal,1
2888,23,Female,Clothing,28.0,2.8,0,0,Cash,1
2889,70,Female,Clothing,42.0,5.0,0,0,Debit Card,1
2890,64,Female,Jewelry & Accessories,43.0,3.3,0,0,Other,1
2891,39,Female,Clothing,55.0,3.7,0,0,Credit Card,1
2892,47,Female,Clothing,73.0,2.5,0,0,PayPal,1
2893,22,Female,Clothing,39.0,3.2,0,0,Credit Card,1
2894,69,Female,Jewelry & Accessories,20.0,3.1,0,0,Debit Card,1
2895,35,Female,Jewelry & Accessories,32.0,3.5,0,0,Other,1
2896,56,Female,Clothing,86.0,4.6,0,0,Other,1
2897,30,Female,Clothing,91.0,3.3,0,0,Other,1
2898,43,Female,Clothing,59.0,2.5,0,0,Cash,1
2899,23,Female,Clothing,33.0,4.6,0,0,Credit Card,1
2900,50,Female,Clothing,64.0,4.2,0,0,Other,1
2901,41,Female,Clothing,67.0,4.0,0,0,Cash,1
2902,41,Female,Clothing,43.0,2.6,0,0,Credit Card,1
2903,27,Female,Clothing,32.0,4.6,0,0,PayPal,1
2904,38,Female,Jewelry & Accessories,39.0,3.5,0,0,Credit Card,1
2905,41,Female,Clothing,41.0,4.0,0,0,Other,1
2906,58,Female,Jewelry & Accessories,53.0,4.8,0,0,Debit Card,1
2907,58,Female,Clothing,27.0,3.9,0,0,Other,1
2908,19,Female,Jewelry & Accessories,82.0,3.7,0,0,PayPal,1
2909,43,Female,Clothing,87.0,3.1,0,0,Debit Card,1
2910,27,Female,Jewelry & Accessories,78.0,3.0,0,0,Credit Card,1
2911,32,Female,Jewelry & Accessories,32.0,2.9,0,0,Credit Card,1
2912,28,Female,Clothing,38.0,2.9,0,0,Other,1
2913,48,Female,Clothing,37.0,4.0,0,0,Cash,1
2914,43,Female,Clothing,83.0,3.5,0,0,Cash,1
2915,45,Female,Clothing,72.0,3.8,0,0,Debit Card,1
2916,26,Female,Clothing,30.0,4.5,0,0,Debit Card,1
2917,62,Female,Clothing,66.0,2.7,0,0,Credit Card,1
2918,58,Female,Clothing,45.0,2.9,0,0,Other,1
2919,19,Female,Jewelry & Accessories,73.0,4.9,0,0,Cash,1
2920,64,Female,Clothing,67.0,3.8,0,0,Debit Card,1
2921,33,Female,Jewelry & Accessories,72.0,4.9,0,0,Debit Card,1
2922,20,Female,Jewelry & Accessories,24.0,4.6,0,0,Cash,1
2923,45,Female,Jewelry & Accessories,68.0,3.5,0,0,PayPal,1
2924,28,Female,Clothing,70.0,4.2,0,0,Cash,1
2925,47,Female,Clothing,64.0,3.7,0,0,Debit Card,1
2926,54,Female,Clothing,91.0,2.8,0,0,Credit Card,1
2927,64,Female,Jewelry & Accessories,82.0,4.8,0,0,Cash,1
2928,45,Female,Clothing,24.0,2.7,0,0,Other,1
2929,40,Female,Jewelry & Accessories,80.0,3.6,0,0,Credit Card,1
2930,31,Female,Clothing,53.0,4.5,0,0,Other,1
2931,38,Female,Clothing,50.0,4.0,0,0,Other,1
2932,36,Female,Jewelry & Accessories,31.0,4.5,0,0,Credit Card,1
2933,65,Female,Jewelry & Accessories,88.0,3.9,0,0,PayPal,1
2934,27,Female,Jewelry & Accessories,52.0,3.8,0,0,Other,1
2935,38,Female,Jewelry & Accessories,22.0,4.7,0,0,Other,1
2936,58,Female,Clothing,27.0,4.6,0,0,Other,1
2937,31,Female,Clothing,34.0,3.6,0,0,PayPal,1
2938,28,Female,Jewelry & Accessories,39.0,4.3,0,0,Credit Card,1
2939,28,Female,Jewelry & Accessories,53.0,3.0,0,0,Cash,1
2940,32,Female,Clothing,46.0,4.3,0,0,Other,1
2941,61,Female,Jewelry & Accessories,85.0,4.8,0,0,Cash,1
2942,38,Female,Clothing,86.0,3.7,0,0,PayPal,1
2943,54,Female,Clothing,63.0,2.6,0,0,Other,1
2944,29,Female,Clothing,44.0,3.4,0,0,Credit Card,1
2945,50,Female,Clothing,95.0,3.9,0,0,Other,1
2946,32,Female,Jewelry & Accessories,49.0,4.8,0,0,Credit Card,1
2947,38,Female,Clothing,77.0,2.8,0,0,Other,1
2948,52,Female,Jewelry & Accessories,63.0,4.4,0,0,Other,1
2949,61,Female,Clothing,83.0,3.1,0,0,Debit Card,1
2950,25,Female,Jewelry & Accessories,93.0,3.8,0,0,PayPal,1
2951,22,Female,Clothing,91.0,4.1,0,0,Debit Card,1
2952,47,Female,Jewelry & Accessories,99.0,4.6,0,0,Cash,1
2953,50,Female,Jewelry & Accessories,24.0,4.9,0,0,Debit Card,1
2954,45,Female,Clothing,82.0,4.8,0,0,Credit Card,1
2955,33,Female,Clothing,28.0,3.9,0,0,Credit Card,1
2956,42,Female,Clothing,67.0,2.6,0,0,Credit Card,1
2957,52,Female,Clothing,88.0,3.7,0,0,Other,1
2958,69,Female,Jewelry & Accessories,70.0,4.7,0,0,Cash,1
2959,55,Female,Clothing,100.0,4.5,0,0,PayPal,1
2960,38,Female,Jewelry & Accessories,28.0,4.7,0,0,PayPal,1
2961,57,Female,Clothing,48.0,3.6,0,0,Credit Card,1
2962,33,Female,Clothing,43.0,2.8,0,0,Debit Card,1
2963,57,Female,Clothing,40.0,4.0,0,0,Credit Card,1
2964,52,Female,Clothing,97.0,3.6,0,0,Credit Card,1
2965,44,Female,Clothing,25.0,3.8,0,0,Other,1
2966,48,Female,Jewelry & Accessories,45.0,4.4,0,0,PayPal,1
2967,52,Female,Clothing,49.0,2.8,0,0,Debit Card,1
2968,34,Female,Clothing,36.0,3.4,0,0,Other,1
2969,26,Female,Clothing,48.0,4.9,0,0,Cash,1
2970,36,Female,Jewelry & Accessories,62.0,4.3,0,0,Cash,1
2971,24,Female,Jewelry & Accessories,74.0,3.4,0,0,Credit Card,1
2972,30,Female,Jewelry & Accessories,100.0,3.9,0,0,PayPal,1
2973,31,Female,Clothing,39.0,4.2,0,0,Other,1
2974,25,Female,Clothing,65.0,2.7,0,0,Other,1
2975,57,Female,Clothing,99.0,4.1,0,0,Credit Card,1
2976,61,Female,Jewelry & Accessories,68.0,4.5,0,0,Cash,1
2977,30,Female,Clothing,97.0,2.8,0,0,Cash,1
2978,38,Female,Clothing,47.0,3.4,0,0,Other,1
2979,53,Female,Clothing,56.0,3.9,0,0,Other,1
2980,31,Female,Clothing,91.0,2.6,0,0,PayPal,1
2981,70,Female,Jewelry & Accessories,93.0,4.4,0,0,Other,1
2982,21,Female,Clothing,36.0,4.9,0,0,Other,1
2983,33,Female,Clothing,45.0,3.6,0,0,Credit Card,1
2984,60,Female,Clothing,44.0,2.8,0,0,Credit Card,1
2985,45,Female,Jewelry & Accessories,32.0,4.3,0,0,Debit Card,1
2986,46,Female,Jewelry & Accessories,36.0,3.0,0,0,Cash,1
2987,62,Female,Jewelry & Accessories,85.0,3.3,0,0,Credit Card,1
2988,63,Female,Clothing,36.0,2.5,0,0,Cash,1
2989,69,Female,Clothing,55.0,5.0,0,0,Debit Card,1
2990,46,Female,Jewelry & Accessories,20.0,4.3,0,0,Credit Card,1
2991,69,Female,Clothing,91.0,4.2,0,0,Other,1
2992,66,Female,Clothing,71.0,3.9,0,0,PayPal,1
2993,41,Female,Clothing,64.0,3.9,0,0,Other,1
2994,32,Female,Clothing,21.0,4.2,0,0,Cash,1
2995,69,Female,Clothing,100.0,3.5,0,0,Other,1
2996,29,Female,Clothing,96.0,2.5,0,0,Debit Card,1
2997,70,Female,Jewelry & Accessories,91.0,2.9,0,0,Other,1
2998,41,Female,Clothing,40.0,2.7,0,0,Other,1
2999,31,Female,Clothing,53.0,4.7,0,0,Debit Card,1
3000,31,Female,Jewelry & Accessories,48.0,3.8,0,0,Cash,1
3001,57,Female,Clothing,70.0,3.7,0,0,PayPal,1
3002,29,Female,Clothing,29.0,4.7,0,0,Credit Card,1
3003,70,Female,Jewelry & Accessories,29.0,3.6,0,0,Other,1
3004,51,Female,Clothing,53.0,2.8,0,0,Credit Card,1
3005,45,Female,Clothing,79.0,3.7,0,0,Other,1
3006,18,Female,Clothing,65.0,3.5,0,0,Other,1
3007,37,Female,Clothing,99.0,3.7,0,0,Other,1
3008,23,Female,Jewelry & Accessories,60.0,3.0,0,0,Other,1
3009,39,Female,Clothing,86.0,4.9,0,0,PayPal,1
3010,62,Female,Jewelry & Accessories,73.0,4.6,0,0,Other,1
3011,70,Female,Jewelry & Accessories,45.0,3.3,0,0,Credit Card,1
3012,20,Female,Jewelry & Accessories,70.0,3.0,0,0,Credit Card,1
3013,42,Female,Jewelry & Accessories,65.0,3.5,0,0,PayPal,1
3014,41,Female,Clothing,55.0,4.2,0,0,Cash,1
3015,24,Female,Clothing,65.0,4.5,0,0,PayPal,1
3016,37,Female,Jewelry & Accessories,21.0,2.8,0,0,Other,1
3017,30,Female,Clothing,26.0,4.9,0,0,Other,1
3018,58,Female,Jewelry & Accessories,71.0,3.3,0,0,Cash,1
3019,43,Female,Clothing,41.0,3.0,0,0,Debit Card,1
3020,19,Female,Clothing,44.0,3.9,0,0,PayPal,1
3021,23,Female,Clothing,81.0,2.8,0,0,Other,1
3022,65,Female,Jewelry & Accessories,77.0,4.5,0,0,Cash,1
3023,58,Female,Clothing,26.0,4.0,0,0,PayPal,1
3024,50,Female,Jewelry & Accessories,31.0,2.9,0,0,PayPal,1
3025,67,Female,Clothing,82.0,4.0,0,0,Credit Card,1
3026,40,Female,Clothing,60.0,3.4,0,0,PayPal,1
3027,55,Female,Clothing,70.0,2.5,0,0,Credit Card,1
3028,52,Female,Clothing,26.0,2.8,0,0,Credit Card,1
3029,62,Female,Clothing,100.0,3.0,0,0,PayPal,1
3030,64,Female,Clothing,82.0,3.1,0,0,Debit Card,1
3031,43,Female,Clothing,24.0,2.6,0,0,Credit Card,1
3032,61,Female,Clothing,74.0,4.9,0,0,Credit Card,1
3033,26,Female,Jewelry & Accessories,58.0,3.5,0,0,Credit Card,1
3034,22,Female,Clothing,56.0,2.6,0,0,PayPal,1
3035,51,Female,Clothing,37.0,3.5,0,0,Credit Card,1
3036,69,Female,Jewelry & Accessories,64.0,4.5,0,0,Cash,1
3037,50,Female,Clothing,58.0,4.3,0,0,Other,1
3038,51,Female,Jewelry & Accessories,44.0,4.8,0,0,Cash,1
3039,56,Female,Jewelry & Accessories,39.0,4.2,0,0,Debit Card,1
3040,59,Female,Clothing,48.0,3.2,0,0,PayPal,1
3041,18,Female,Jewelry & Accessories,32.0,4.1,0,0,Cash,1
3042,48,Female,Jewelry & Accessories,79.0,4.0,0,0,PayPal,1
3043,53,Female,Clothing,27.0,2.9,0,0,PayPal,1
3044,45,Female,Jewelry & Accessories,98.0,2.6,0,0,Credit Card,1
3045,21,Female,Clothing,67.0,2.7,0,0,Other,1
3046,42,Female,Clothing,37.0,4.6,0,0,PayPal,1
3047,60,Female,Clothing,49.0,3.2,0,0,Cash,1
3048,21,Female,Clothing,74.0,4.1,0,0,PayPal,1
3049,69,Female,Jewelry & Accessories,93.0,3.9,0,0,Other,1
3050,40,Female,Jewelry & Accessories,60.0,3.0,0,0,Other,1
3051,31,Female,Clothing,76.0,3.6,0,0,Other,1
3052,44,Female,Jewelry & Accessories,64.0,4.6,0,0,Debit Card,1
3053,48,Female,Clothing,38.0,4.5,0,0,Other,1
3054,32,Female,Clothing,91.0,3.2,0,0,Other,1
3055,42,Female,Clothing,70.0,4.9,0,0,Other,1
3056,27,Female,Clothing,22.0,5.0,0,0,Debit Card,1
3057,69,Female,Jewelry & Accessories,59.0,3.8,0,0,Cash,1
3058,67,Female,Jewelry & Accessories,22.0,3.4,0,0,Other,1
3059,41,Female,Jewelry & Accessories,74.0,3.8,0,0,Other,1
3060,46,Female,Clothing,71.0,3.2,0,0,Credit Card,1
3061,47,Female,Clothing,80.0,4.7,0,0,Other,1
3062,33,Female,Clothing,59.0,4.5,0,0,PayPal,1
3063,51,Female,Jewelry & Accessories,96.0,3.3,0,0,PayPal,1
3064,26,Female,Jewelry & Accessories,43.0,3.9,0,0,Credit Card,1
3065,22,Female,Jewelry & Accessories,76.0,3.6,0,0,Other,1
3066,49,Female,Clothing,59.0,2.8,0,0,Other,1
3067,58,Female,Clothing,48.0,4.3,0,0,Other,1
3068,70,Female,Jewelry & Accessories,22.0,3.5,0,0,Cash,1
3069,32,Female,Clothing,40.0,4.2,0,0,Debit Card,1
3070,62,Female,Clothing,73.0,4.6,0,0,Debit Card,1
3071,52,Female,Clothing,26.0,2.6,0,0,PayPal,1
3072,23,Female,Clothing,41.0,3.4,0,0,PayPal,1
3073,26,Female,Jewelry & Accessories,98.0,3.1,0,0,PayPal,1
3074,58,Female,Clothing,63.0,3.6,0,0,Debit Card,1
3075,26,Female,Clothing,55.0,4.2,0,0,Debit Card,1
3076,54,Female,Clothing,90.0,3.6,0,0,PayPal,1
3077,66,Female,Jewelry & Accessories,46.0,3.6,0,0,Other,1
3078,60,Female,Clothing,88.0,3.0,0,0,Debit Card,1
3079,32,Female,Jewelry & Accessories,95.0,2.5,0,0,Other,1
3080,48,Female,Jewelry & Accessories,31.0,4.0,0,0,Other,1
3081,69,Female,Clothing,42.0,4.1,0,0,Cash,1
3082,64,Female,Clothing,44.0,4.9,0,0,Credit Card,1
3083,56,Female,Clothing,99.0,4.0,0,0,Other,1
3084,22,Female,Clothing,20.0,3.5,0,0,PayPal,1
3085,46,Female,Jewelry & Accessories,37.0,3.2,0,0,PayPal,1
3086,24,Female,Clothing,50.0,2.8,0,0,Other,1
3087,47,Female,Jewelry & Accessories,73.0,3.5,0,0,Other,1
3088,62,Female,Clothing,84.0,3.1,0,0,Other,1
3089,34,Female,Clothing,64.0,3.3,0,0,Other,1
3090,50,Female,Clothing,21.0,4.6,0,0,Cash,1
3091,29,Female,Clothing,36.0,4.9,0,0,Other,1
3092,68,Female,Clothing,81.0,3.4,0,0,Credit Card,1
3093,52,Female,Jewelry & Accessories,54.0,3.5,0,0,Other,1
3094,29,Female,Clothing,63.0,4.8,0,0,Cash,1
3095,22,Female,Clothing,59.0,2.7,0,0,Cash,1
3096,62,Female,Jewelry & Accessories,53.0,3.4,0,0,Other,1
3097,69,Female,Clothing,63.0,3.5,0,0,Other,1
3098,48,Female,Clothing,33.0,3.7,0,0,Other,1
3099,66,Female,Clothing,64.0,3.3,0,0,Other,1
3100,42,Female,Clothing,98.0,2.9,0,0,Other,1
3101,50,Female,Jewelry & Accessories,85.0,3.9,0,0,Other,1
3102,32,Female,Jewelry & Accessories,82.0,2.7,0,0,PayPal,1
3103,51,Female,Clothing,85.0,4.3,0,0,Cash,1
3104,27,Female,Clothing,37.0,3.0,0,0,Other,1
3105,43,Female,Clothing,56.0,5.0,0,0,Debit Card,1
3106,48,Female,Clothing,33.0,2.7,0,0,Debit Card,1
3107,62,Female,Clothing,57.0,4.7,0,0,PayPal,1
3108,65,Female,Clothing,31.0,4.6,0,0,Credit Card,1
3109,50,Female,Clothing,69.0,3.2,0,0,PayPal,1
3110,60,Female,Clothing,92.0,4.3,0,0,Other,1
3111,19,Female,Jewelry & Accessories,46.0,4.6,0,0,Other,1
3112,21,Female,Jewelry & Accessories,81.0,4.9,0,0,Debit Card,1
3113,19,Female,Clothing,97.0,3.8,0,0,Other,1
3114,46,Female,Clothing,93.0,2.6,0,0,Debit Card,1
3115,21,Female,Jewelry & Accessories,56.0,4.7,0,0,Other,1
3116,26,Female,Jewelry & Accessories,53.0,4.1,0,0,Other,1
3117,50,Female,Clothing,66.0,3.7,0,0,Other,1
3118,43,Female,Clothing,50.0,3.0,0,0,PayPal,1
3119,61,Female,Clothing,97.0,4.7,0,0,Debit Card,1
3120,63,Female,Clothing,79.0,4.7,0,0,Credit Card,1
3121,46,Female,Clothing,76.0,4.0,0,0,Debit Card,1
3122,63,Female,Clothing,38.0,2.6,0,0,Other,1
3123,23,Female,Clothing,45.0,3.0,0,0,Credit Card,1
3124,57,Female,Jewelry & Accessories,77.0,3.3,0,0,Other,1
3125,57,Female,Jewelry & Accessories,51.0,3.4,0,0,Cash,1
3126,33,Female,Clothing,26.0,4.0,0,0,Cash,1
3127,57,Female,Jewelry & Accessories,76.0,2.6,0,0,Other,1
3128,55,Female,Jewelry & Accessories,94.0,3.4,0,0,Credit Card,1
3129,65,Female,Clothing,32.0,4.4,0,0,Cash,1
3130,60,Female,Clothing,20.0,4.7,0,0,Other,1
3131,52,Female,Clothing,20.0,4.5,0,0,Other,1
3132,34,Female,Clothing,59.0,2.9,0,0,Other,1
3133,33,Female,Clothing,97.0,4.2,0,0,Cash,1
3134,58,Female,Clothing,68.0,4.1,0,0,Cash,1
3135,35,Female,Clothing,66.0,4.4,0,0,Other,1
3136,68,Female,Clothing,85.0,4.7,0,0,Other,1
3137,58,Female,Clothing,32.0,3.1,0,0,Cash,1
3138,34,Female,Clothing,44.0,2.7,0,0,Other,1
3139,47,Female,Clothing,95.0,4.6,0,0,Cash,1
3140,35,Female,Jewelry & Accessories,85.0,4.4,0,0,Other,1
3141,34,Female,Jewelry & Accessories,44.0,4.6,0,0,Other,1
3142,36,Female,Jewelry & Accessories,30.0,4.9,0,0,Credit Card,1
3143,23,Female,Clothing,21.0,4.0,0,0,Other,1
3144,68,Female,Clothing,22.0,2.9,0,0,Cash,1
3145,23,Female,Clothing,70.0,2.6,0,0,Debit Card,1
3146,57,Female,Jewelry & Accessories,29.0,4.6,0,0,PayPal,1
3147,21,Female,Clothing,83.0,4.9,0,0,PayPal,1
3148,45,Female,Clothing,99.0,4.3,0,0,Credit Card,1
3149,37,Female,Clothing,35.0,4.3,0,0,Other,1
3150,18,Female,Jewelry & Accessories,40.0,4.6,0,0,Other,1
3151,55,Female,Clothing,25.0,2.6,0,0,Other,1
3152,52,Female,Clothing,64.0,3.1,0,0,Other,1
3153,49,Female,Jewelry & Accessories,90.0,3.1,0,0,PayPal,1
3154,56,Female,Clothing,88.0,3.1,0,0,Other,1
3155,27,Female,Jewelry & Accessories,55.0,4.4,0,0,Cash,1
3156,22,Female,Jewelry & Accessories,90.0,4.3,0,0,Cash,1
3157,18,Female,Clothing,50.0,3.1,0,0,Cash,1
3158,21,Female,Jewelry & Accessories,34.0,3.1,0,0,Debit Card,1
3159,30,Female,Jewelry & Accessories,77.0,4.9,0,0,Credit Card,1
3160,62,Female,Jewelry & Accessories,89.0,2.9,0,0,Other,1
3161,28,Female,Jewelry & Accessories,87.0,3.8,0,0,Cash,1
3162,66,Female,Clothing,77.0,4.2,0,0,Cash,1
3163,66,Female,Clothing,85.0,3.9,0,0,Other,1
3164,49,Female,Clothing,66.0,2.8,0,0,Cash,1
3165,40,Female,Clothing,32.0,2.6,0,0,Credit Card,1
3166,49,Female,Clothing,92.0,3.0,0,0,Other,1
3167,19,Female,Clothing,80.0,2.7,0,0,Other,1
3168,24,Female,Clothing,78.0,2.8,0,0,Cash,1
3169,31,Female,Clothing,24.0,2.9,0,0,PayPal,1
3170,35,Female,Clothing,59.0,3.8,0,0,Other,1
3171,65,Female,Jewelry & Accessories,41.0,4.4,0,0,Credit Card,1
3172,68,Female,Jewelry & Accessories,26.0,3.1,0,0,Other,1
3173,57,Female,Clothing,52.0,3.7,0,0,Debit Card,1
3174,69,Female,Clothing,46.0,4.9,0,0,PayPal,1
3175,45,Female,Clothing,52.0,3.8,0,0,PayPal,1
3176,35,Female,Clothing,42.0,3.4,0,0,Debit Card,1
3177,36,Female,Clothing,37.0,4.6,0,0,Credit Card,1
3178,55,Female,Jewelry & Accessories,52.0,3.2,0,0,Credit Card,1
3179,66,Female,Clothing,34.0,2.7,0,0,Credit Card,1
3180,57,Female,Clothing,88.0,4.3,0,0,Debit Card,1
3181,18,Female,Jewelry & Accessories,88.0,3.8,0,0,PayPal,1
3182,31,Female,Clothing,51.0,4.4,0,0,PayPal,1
3183,50,Female,Jewelry & Accessories,97.0,3.6,0,0,Credit Card,1
3184,50,Female,Clothing,56.0,3.5,0,0,Cash,1
3185,61,Female,Clothing,53.0,4.2,0,0,Other,1
3186,52,Female,Clothing,71.0,4.7,0,0,PayPal,1
3187,38,Female,Jewelry & Accessories,93.0,4.8,0,0,Other,1
3188,67,Female,Clothing,72.0,3.2,0,0,Debit Card,1
3189,42,Female,Clothing,59.0,3.5,0,0,Other,1
3190,25,Female,Clothing,87.0,4.2,0,0,PayPal,1
3191,41,Female,Clothing,78.0,3.4,0,0,Credit Card,1
3192,62,Female,Clothing,68.0,4.7,0,0,Credit Card,1
3193,19,Female,Clothing,76.0,3.0,0,0,Cash,1
3194,63,Female,Jewelry & Accessories,99.0,4.0,0,0,Credit Card,1
3195,43,Female,Clothing,52.0,4.6,0,0,Credit Card,1
3196,68,Female,Jewelry & Accessories,58.0,4.9,0,0,Credit Card,1
3197,24,Female,Jewelry & Accessories,59.0,2.8,0,0,Debit Card,1
3198,27,Female,Clothing,71.0,3.2,0,0,Credit Card,1
3199,61,Female,Jewelry & Accessories,94.0,2.8,0,0,Debit Card,1
3200,59,Female,Jewelry & Accessories,40.0,4.2,0,0,PayPal,1
3201,67,Female,Clothing,24.0,4.8,0,0,Credit Card,1
3202,46,Female,Clothing,38.0,2.8,0,0,Cash,1
3203,65,Female,Jewelry & Accessories,37.0,4.5,0,0,Other,1
3204,63,Female,Clothing,29.0,4.1,0,0,Other,1
3205,57,Female,Clothing,92.0,4.3,0,0,Debit Card,1
3206,40,Female,Clothing,24.0,4.4,0,0,Other,1
3207,36,Female,Clothing,52.0,3.0,0,0,PayPal,1
3208,67,Female,Clothing,29.0,2.7,0,0,PayPal,1
3209,61,Female,Jewelry & Accessories,30.0,3.3,0,0,PayPal,1
3210,64,Female,Clothing,31.0,4.3,0,0,Debit Card,1
3211,30,Female,Clothing,67.0,2.9,0,0,Other,1
3212,53,Female,Clothing,65.0,4.9,0,0,Cash,1
3213,27,Female,Clothing,22.0,3.6,0,0,Debit Card,1
3214,27,Female,Jewelry & Accessories,56.0,3.3,0,0,Credit Card,1
3215,53,Female,Clothing,78.0,3.1,0,0,Debit Card,1
3216,34,Female,Clothing,90.0,2.7,0,0,PayPal,1
3217,39,Female,Clothing,85.0,3.4,0,0,Cash,1
3218,44,Female,Jewelry & Accessories,58.0,3.4,0,0,Other,1
3219,37,Female,Clothing,34.0,3.9,0,0,PayPal,1
3220,57,Female,Clothing,40.0,3.5,0,0,Credit Card,1
3221,38,Female,Jewelry & Accessories,29.0,4.1,0,0,Cash,1
3222,21,Female,Clothing,76.0,3.2,0,0,Cash,1
3223,45,Female,Jewelry & Accessories,84.0,4.6,0,0,PayPal,1
3224,68,Female,Clothing,65.0,3.9,0,0,Other,1
3225,37,Female,Clothing,80.0,2.7,0,0,PayPal,1
3226,53,Female,Clothing,98.0,3.0,0,0,Credit Card,1
3227,57,Female,Clothing,71.0,3.3,0,0,Other,1
3228,28,Female,Jewelry & Accessories,69.0,2.7,0,0,Debit Card,1
3229,37,Female,Jewelry & Accessories,95.0,4.6,0,0,PayPal,1
3230,54,Female,Clothing,67.0,2.7,0,0,Cash,1
3231,49,Female,Clothing,49.0,2.5,0,0,Debit Card,1
3232,62,Female,Clothing,97.0,4.4,0,0,Credit Card,1
3233,45,Female,Clothing,34.0,4.0,0,0,Other,1
3234,45,Female,Jewelry & Accessories,74.0,3.8,0,0,Debit Card,1
3235,49,Female,Jewelry & Accessories,96.0,2.5,0,0,Debit Card,1
3236,27,Female,Jewelry & Accessories,68.0,4.0,0,0,Other,1
3237,63,Female,Jewelry & Accessories,84.0,4.1,0,0,Cash,1
3238,61,Female,Clothing,57.0,2.8,0,0,Cash,1
3239,25,Female,Clothing,84.0,3.4,0,0,Cash,1
3240,33,Female,Jewelry & Accessories,32.0,2.7,0,0,Cash,1
3241,56,Female,Clothing,37.0,3.8,0,0,Other,1
3242,50,Female,Jewelry & Accessories,58.0,4.4,0,0,PayPal,1
3243,45,Female,Clothing,74.0,2.8,0,0,Other,1
3244,45,Female,Clothing,99.0,5.0,0,0,Other,1
3245,65,Female,Clothing,81.0,4.7,0,0,Credit Card,1
3246,63,Female,Clothing,76.0,3.2,0,0,Cash,1
3247,70,Female,Clothing,98.0,2.9,0,0,Cash,1
3248,53,Female,Jewelry & Accessories,91.0,3.7,0,0,PayPal,1
3249,22,Female,Clothing,79.0,4.2,0,0,Other,1
3250,26,Female,Jewelry & Accessories,83.0,3.4,0,0,Credit Card,1
3251,23,Female,Clothing,90.0,2.9,0,0,Other,1
3252,25,Female,Clothing,20.0,3.7,0,0,Other,1
3253,69,Female,Clothing,21.0,2.7,0,0,Credit Card,1
3254,36,Female,Jewelry & Accessories,60.0,3.2,0,0,Other,1
3255,21,Female,Clothing,31.0,4.9,0,0,Other,1
3256,57,Female,Clothing,40.0,2.8,0,0,Other,1
3257,60,Female,Jewelry & Accessories,26.0,4.7,0,0,Other,1
3258,44,Female,Clothing,98.0,3.3,0,0,Other,1
3259,31,Female,Clothing,51.0,4.3,0,0,Credit Card,1
3260,57,Female,Jewelry & Accessories,95.0,3.7,0,0,Debit Card,1
3261,39,Female,Jewelry & Accessories,36.0,4.5,0,0,Credit Card,1
3262,48,Female,Jewelry & Accessories,52.0,3.4,0,0,Debit Card,1
3263,42,Female,Clothing,35.0,2.7,0,0,Cash,1
3264,56,Female,Clothing,68.0,4.4,0,0,Debit Card,1
3265,28,Female,Clothing,50.0,4.0,0,0,Cash,1
3266,40,Female,Jewelry & Accessories,100.0,3.2,0,0,Credit Card,1
3267,49,Female,Clothing,74.0,4.2,0,0,Other,1
3268,37,Female,Clothing,45.0,3.0,0,0,Credit Card,1
3269,22,Female,Clothing,97.0,2.8,0,0,Other,1
3270,27,Female,Clothing,60.0,4.9,0,0,Cash,1
3271,59,Female,Clothing,25.0,4.7,0,0,PayPal,1
3272,35,Female,Clothing,55.0,4.4,0,0,Credit Card,1
3273,58,Female,Clothing,99.0,3.1,0,0,PayPal,1
3274,58,Female,Jewelry & Accessories,45.0,2.6,0,0,PayPal,1
3275,46,Female,Clothing,20.0,3.9,0,0,Cash,1
3276,43,Female,Clothing,88.0,2.6,0,0,Debit Card,1
3277,39,Female,Jewelry & Accessories,99.0,4.0,0,0,PayPal,1
3278,59,Female,Clothing,86.0,4.9,0,0,Credit Card,1
3279,59,Female,Clothing,70.0,3.3,0,0,Other,1
3280,59,Female,Jewelry & Accessories,50.0,3.0,0,0,Debit Card,1
3281,45,Female,Jewelry & Accessories,57.0,2.7,0,0,PayPal,1
3282,27,Female,Clothing,69.0,3.1,0,0,Other,1
3283,24,Female,Clothing,94.0,4.8,0,0,Credit Card,1
3284,47,Female,Clothing,24.0,2.9,0,0,Debit Card,1
3285,70,Female,Jewelry & Accessories,79.0,4.5,0,0,Other,1
3286,58,Female,Jewelry & Accessories,31.0,4.6,0,0,Cash,1
3287,45,Female,Clothing,67.0,5.0,0,0,Other,1
3288,24,Female,Clothing,63.0,4.3,0,0,Credit Card,1
3289,67,Female,Jewelry & Accessories,61.0,4.9,0,0,Credit Card,1
3290,31,Female,Jewelry & Accessories,50.0,4.0,0,0,Other,1
3291,52,Female,Clothing,82.0,3.1,0,0,PayPal,1
3292,29,Female,Jewelry & Accessories,51.0,2.6,0,0,Cash,1
3293,62,Female,Jewelry & Accessories,23.0,4.9,0,0,Other,1
3294,19,Female,Clothing,91.0,3.5,0,0,Credit Card,1
3295,62,Female,Clothing,60.0,4.5,0,0,Other,1
3296,70,Female,Clothing,34.0,2.8,0,0,Cash,1
3297,20,Female,Clothing,23.0,4.2,0,0,Other,1
3298,67,Female,Jewelry & Accessories,82.0,4.1,0,0,PayPal,1
3299,65,Female,Clothing,73.0,3.5,0,0,Other,1
3300,45,Female,Clothing,32.0,4.0,0,0,Other,1
3301,26,Female,Jewelry & Accessories,80.0,4.0,0,0,Other,1
3302,36,Female,Clothing,58.0,2.5,0,0,Credit Card,1
3303,36,Female,Clothing,82.0,4.2,0,0,Other,1
3304,20,Female,Jewelry & Accessories,60.0,3.4,0,0,Credit Card,1
3305,30,Female,Jewelry & Accessories,79.0,4.8,0,0,Other,1
3306,34,Female,Clothing,41.0,4.9,0,0,PayPal,1
3307,63,Female,Clothing,39.0,3.6,0,0,Other,1
3308,18,Female,Jewelry & Accessories,36.0,4.0,0,0,Cash,1
3309,55,Female,Clothing,70.0,2.6,0,0,Cash,1
3310,48,Female,Jewelry & Accessories,47.0,3.1,0,0,PayPal,1
3311,45,Female,Clothing,27.0,3.6,0,0,PayPal,1
3312,29,Female,Jewelry & Accessories,52.0,4.0,0,0,Other,1
3313,55,Female,Clothing,75.0,3.9,0,0,Cash,1
3314,55,Female,Jewelry & Accessories,30.0,3.9,0,0,Credit Card,1
3315,55,Female,Clothing,94.0,3.3,0,0,Credit Card,1
3316,48,Female,Jewelry & Accessories,68.0,2.9,0,0,PayPal,1
3317,42,Female,Clothing,45.0,3.1,0,0,Debit Card,1
3318,21,Female,Jewelry & Accessories,67.0,4.7,0,0,Cash,1
3319,45,Female,Clothing,46.0,3.9,0,0,PayPal,1
3320,23,Female,Clothing,31.0,4.3,0,0,Credit Card,1
3321,66,Female,Clothing,44.0,4.2,0,0,Cash,1
3322,32,Female,Clothing,100.0,4.3,0,0,Other,1
3323,52,Female,Clothing,92.0,4.6,0,0,PayPal,1
3324,54,Female,Jewelry & Accessories,78.0,3.8,0,0,Credit Card,1
3325,37,Female,Clothing,32.0,3.3,0,0,Other,1
3326,29,Female,Clothing,97.0,3.7,0,0,Other,1
3327,47,Female,Jewelry & Accessories,95.0,4.3,0,0,Debit Card,1
3328,47,Female,Clothing,64.0,4.1,0,0,Debit Card,1
3329,42,Female,Clothing,35.0,3.2,0,0,Cash,1
3330,34,Female,Jewelry & Accessories,54.0,3.8,0,0,Debit Card,1
3331,38,Female,Clothing,96.0,3.2,0,0,Other,1
3332,55,Female,Jewelry & Accessories,58.0,3.5,0,0,PayPal,1
3333,27,Female,Clothing,23.0,3.1,0,0,PayPal,1
3334,55,Female,Clothing,35.0,4.2,0,0,PayPal,1
3335,66,Female,Clothing,23.0,3.4,0,0,Credit Card,1
3336,44,Female,Jewelry & Accessories,94.0,3.5,0,0,Other,1
3337,39,Female,Clothing,45.0,4.0,0,0,Debit Card,1
3338,23,Female,Clothing,23.0,4.4,0,0,Other,1
3339,29,Female,Clothing,94.0,2.9,0,0,Credit Card,1
3340,20,Female,Jewelry & Accessories,99.0,3.6,0,0,Cash,1
3341,42,Female,Clothing,36.0,4.4,0,0,Credit Card,1
3342,55,Female,Clothing,50.0,4.5,0,0,Credit Card,1
3343,66,Female,Clothing,81.0,3.8,0,0,Credit Card,1
3344,24,Female,Clothing,31.0,3.6,0,0,Cash,1
3345,62,Female,Jewelry & Accessories,48.0,4.3,0,0,Cash,1
3346,28,Female,Jewelry & Accessories,91.0,4.0,0,0,Other,1
3347,30,Female,Clothing,99.0,3.4,0,0,Other,1
3348,22,Female,Clothing,70.0,4.4,0,0,PayPal,1
3349,28,Female,Clothing,74.0,2.8,0,0,Cash,1
3350,35,Female,Jewelry & Accessories,79.0,2.8,0,0,PayPal,1
3351,45,Female,Jewelry & Accessories,33.0,4.9,0,0,Cash,1
3352,43,Female,Clothing,49.0,4.2,0,0,Other,1
3353,55,Female,Jewelry & Accessories,96.0,2.9,0,0,Other,1
3354,31,Female,Clothing,66.0,4.6,0,0,Credit Card,1
3355,42,Female,Clothing,45.0,2.8,0,0,PayPal,1
3356,40,Female,Clothing,28.0,2.6,0,0,Other,1
3357,39,Female,Clothing,48.0,3.5,0,0,PayPal,1
3358,41,Female,Clothing,67.0,3.5,0,0,Credit Card,1
3359,56,Female,Clothing,59.0,3.4,0,0,Cash,1
3360,43,Female,Jewelry & Accessories,74.0,3.9,0,0,Debit Card,1
3361,22,Female,Clothing,81.0,3.3,0,0,Cash,1
3362,47,Female,Clothing,26.0,4.1,0,0,Credit Card,1
3363,50,Female,Jewelry & Accessories,61.0,3.0,0,0,Other,1
3364,58,Female,Clothing,23.0,3.0,0,0,Other,1
3365,50,Female,Jewelry & Accessories,33.0,3.2,0,0,Credit Card,1
3366,43,Female,Clothing,58.0,3.9,0,0,Credit Card,1
3367,38,Female,Jewelry & Accessories,65.0,3.6,0,0,Debit Card,1
3368,44,Female,Clothing,48.0,3.1,0,0,Other,1
3369,30,Female,Clothing,25.0,4.8,0,0,Other,1
3370,47,Female,Clothing,51.0,3.8,0,0,Cash,1
3371,30,Female,Jewelry & Accessories,31.0,2.8,0,0,Cash,1
3372,49,Female,Clothing,99.0,4.0,0,0,PayPal,1
3373,56,Female,Clothing,25.0,4.6,0,0,Credit Card,1
3374,70,Female,Clothing,52.0,3.5,0,0,Debit Card,1
3375,22,Female,Clothing,47.0,3.7,0,0,Debit Card,1
3376,51,Female,Clothing,98.0,4.9,0,0,Credit Card,1
3377,22,Female,Jewelry & Accessories,46.0,4.1,0,0,Cash,1
3378,37,Female,Clothing,32.0,4.6,0,0,PayPal,1
3379,49,Female,Clothing,75.0,4.5,0,0,Cash,1
3380,61,Female,Jewelry & Accessories,51.0,5.0,0,0,Cash,1
3381,41,Female,Clothing,52.0,3.8,0,0,PayPal,1
3382,57,Female,Jewelry & Accessories,66.0,4.7,0,0,Credit Card,1
3383,34,Female,Clothing,35.0,2.8,0,0,Other,1
3384,27,Female,Clothing,43.0,2.6,0,0,Other,1
3385,39,Female,Clothing,24.0,3.8,0,0,Other,1
3386,62,Female,Jewelry & Accessories,83.0,2.8,0,0,Credit Card,1
3387,34,Female,Clothing,62.0,2.6,0,0,Cash,1
3388,53,Female,Clothing,78.0,3.4,0,0,Credit Card,1
3389,35,Female,Clothing,61.0,4.5,0,0,Credit Card,1
3390,38,Female,Clothing,57.0,3.8,0,0,Other,1
3391,32,Female,Clothing,70.0,3.0,0,0,PayPal,1
3392,47,Female,Clothing,57.0,3.7,0,0,Debit Card,1
3393,53,Female,Jewelry & Accessories,74.0,4.4,0,0,Other,1
3394,60,Female,Clothing,90.0,3.1,0,0,Debit Card,1
3395,31,Female,Clothing,98.0,4.2,0,0,PayPal,1
3396,44,Female,Clothing,43.0,3.1,0,0,Debit Card,1
3397,29,Female,Clothing,37.0,5.0,0,0,PayPal,1
3398,19,Female,Clothing,38.0,2.7,0,0,Other,1
3399,54,Female,Clothing,60.0,3.8,0,0,Cash,1
3400,40,Female,Clothing,55.0,3.3,0,0,Debit Card,1
3401,39,Female,Jewelry & Accessories,51.0,4.8,0,0,Other,1
3402,44,Female,Jewelry & Accessories,71.0,3.4,0,0,Credit Card,1
3403,22,Female,Clothing,61.0,4.4,0,0,PayPal,1
3404,30,Female,Clothing,65.0,3.9,0,0,Cash,1
3405,69,Female,Jewelry & Accessories,34.0,3.9,0,0,Credit Card,1
3406,28,Female,Clothing,87.0,4.2,0,0,Other,1
3407,57,Female,Clothing,79.0,4.0,0,0,Other,1
3408,46,Female,Clothing,46.0,2.6,0,0,Cash,1
3409,48,Female,Clothing,72.0,4.4,0,0,Other,1
3410,24,Female,Clothing,93.0,3.2,0,0,Credit Card,1
3411,50,Female,Clothing,76.0,4.3,0,0,Other,1
3412,29,Female,Clothing,56.0,4.9,0,0,Cash,1
3413,61,Female,Clothing,83.0,3.8,0,0,Other,1
3414,34,Female,Jewelry & Accessories,90.0,2.5,0,0,PayPal,1
3415,27,Female,Clothing,94.0,4.9,0,0,Other,1
3416,38,Female,Clothing,68.0,3.0,0,0,Other,1
3417,25,Female,Clothing,53.0,3.2,0,0,Other,1
3418,54,Female,Clothing,35.0,2.9,0,0,Debit Card,1
3419,53,Female,Clothing,30.0,2.8,0,0,Debit Card,1
3420,23,Female,Jewelry & Accessories,26.0,3.1,0,0,Other,1
3421,19,Female,Jewelry & Accessories,60.0,3.4,0,0,PayPal,1
3422,57,Female,Clothing,30.0,2.9,0,0,PayPal,1
3423,19,Female,Clothing,91.0,3.2,0,0,Other,1
3424,33,Female,Clothing,71.0,3.8,0,0,PayPal,1
3425,33,Female,Jewelry & Accessories,64.0,3.6,0,0,Credit Card,1
3426,38,Female,Jewelry & Accessories,54.0,4.3,0,0,Debit Card,1
3427,47,Female,Clothing,35.0,4.8,0,0,Credit Card,1
3428,39,Female,Clothing,38.0,2.5,0,0,Cash,1
3429,32,Female,Jewelry & Accessories,69.0,2.5,0,0,Other,1
3430,27,Female,Clothing,96.0,4.6,0,0,Debit Card,1
3431,67,Female,Clothing,73.0,4.2,0,0,Other,1
3432,46,Female,Jewelry & Accessories,49.0,4.2,0,0,Other,1
3433,36,Female,Clothing,44.0,4.8,0,0,PayPal,1
3434,62,Female,Clothing,93.0,4.5,0,0,PayPal,1
3435,31,Female,Clothing,72.0,3.3,0,0,Other,1
3436,68,Female,Clothing,91.0,2.7,0,0,Debit Card,1
3437,57,Female,Jewelry & Accessories,83.0,2.8,0,0,Other,1
3438,22,Female,Clothing,62.0,3.5,0,0,PayPal,1
3439,26,Female,Clothing,71.0,3.0,0,0,Credit Card,1
3440,43,Female,Jewelry & Accessories,93.0,4.5,0,0,Other,1
3441,45,Female,Jewelry & Accessories,63.0,4.3,0,0,PayPal,1
3442,64,Female,Clothing,96.0,4.1,0,0,Credit Card,1
3443,28,Female,Clothing,78.0,4.3,0,0,PayPal,1
3444,47,Female,Clothing,24.0,5.0,0,0,Cash,1
3445,53,Female,Clothing,63.0,3.8,0,0,Other,1
3446,42,Female,Jewelry & Accessories,58.0,4.9,0,0,Debit Card,1
3447,51,Female,Clothing,55.0,5.0,0,0,Cash,1
3448,62,Female,Clothing,58.0,4.3,0,0,Other,1
3449,18,Female,Clothing,28.0,4.1,0,0,Other,1
3450,48,Female,Clothing,37.0,4.5,0,0,Cash,1
3451,20,Female,Clothing,78.0,3.6,0,0,PayPal,1
3452,32,Female,Clothing,73.0,3.0,0,0,Credit Card,1
3453,26,Female,Clothing,20.0,3.7,0,0,Other,1
3454,31,Female,Clothing,60.0,4.3,0,0,Other,1
3455,55,Female,Jewelry & Accessories,71.0,4.6,0,0,PayPal,1
3456,49,Female,Clothing,89.0,4.7,0,0,Other,1
3457,42,Female,Clothing,53.0,4.6,0,0,Other,1
3458,64,Female,Jewelry & Accessories,87.0,3.0,0,0,Cash,1
3459,68,Female,Jewelry & Accessories,37.0,3.4,0,0,Other,1
3460,68,Female,Clothing,37.0,3.8,0,0,PayPal,1
3461,41,Female,Jewelry & Accessories,78.0,3.1,0,0,Other,1
3462,51,Female,Clothing,23.0,4.4,0,0,Cash,1
3463,44,Female,Clothing,73.0,4.5,0,0,Credit Card,1
3464,27,Female,Jewelry & Accessories,27.0,2.8,0,0,PayPal,1
3465,36,Female,Clothing,59.0,2.7,0,0,PayPal,1
3466,19,Female,Jewelry & Accessories,53.0,3.4,0,0,Debit Card,1
3467,49,Female,Clothing,42.0,4.6,0,0,Other,1
3468,18,Female,Jewelry & Accessories,45.0,5.0,0,0,Credit Card,1
3469,36,Female,Jewelry & Accessories,89.0,3.5,0,0,Debit Card,1
3470,36,Female,Clothing,85.0,3.3,0,0,Cash,1
3471,19,Female,Clothing,69.0,4.5,0,0,Cash,1
3472,43,Female,Clothing,66.0,3.1,0,0,Cash,1
3473,31,Female,Clothing,42.0,4.0,0,0,Debit Card,1
3474,63,Female,Clothing,40.0,2.5,0,0,Cash,1
3475,41,Female,Clothing,82.0,4.4,0,0,Other,1
3476,48,Female,Clothing,88.0,4.4,0,0,Cash,1
3477,68,Female,Clothing,99.0,3.2,0,0,Cash,1
3478,53,Female,Jewelry & Accessories,85.0,3.8,0,0,Debit Card,1
3479,36,Female,Jewelry & Accessories,57.0,4.6,0,0,PayPal,1
3480,46,Female,Clothing,56.0,4.9,0,0,Cash,1
3481,21,Female,Clothing,79.0,3.5,0,0,PayPal,1
3482,52,Female,Clothing,67.0,3.4,0,0,Debit Card,1
3483,66,Female,Jewelry & Accessories,61.0,3.9,0,0,Debit Card,1
3484,19,Female,Clothing,37.0,3.9,0,0,Credit Card,1
3485,44,Female,Clothing,75.0,4.2,0,0,Credit Card,1
3486,50,Female,Clothing,21.0,3.4,0,0,Debit Card,1
3487,51,Female,Clothing,89.0,4.9,0,0,PayPal,1
3488,25,Female,Clothing,24.0,2.9,0,0,Other,1
3489,62,Female,Clothing,27.0,4.9,0,0,Cash,1
3490,48,Female,Clothing,26.0,4.6,0,0,PayPal,1
3491,62,Female,Clothing,82.0,3.6,0,0,Credit Card,1
3492,22,Female,Clothing,28.0,4.3,0,0,Cash,1
3493,48,Female,Jewelry & Accessories,65.0,4.6,0,0,Other,1
3494,48,Female,Clothing,82.0,4.7,0,0,Credit Card,1
3495,62,Female,Jewelry & Accessories,38.0,3.5,0,0,PayPal,1
3496,24,Female,Clothing,33.0,2.8,0,0,Cash,1
3497,39,Female,Clothing,38.0,4.0,0,0,PayPal,1
3498,35,Female,Jewelry & Accessories,48.0,4.3,0,0,Other,1
3499,47,Female,Clothing,35.0,3.8,0,0,Other,1
3500,22,Female,Clothing,29.0,3.0,0,0,PayPal,1
3501,38,Female,Clothing,48.0,4.6,0,0,Debit Card,1
3502,53,Female,Clothing,87.0,4.8,0,0,Other,1
3503,31,Female,Jewelry & Accessories,62.0,4.7,0,0,Other,1
3504,31,Female,Clothing,96.0,3.9,0,0,Cash,1
3505,65,Female,Jewelry & Accessories,41.0,4.0,0,0,Other,1
3506,48,Female,Jewelry & Accessories,42.0,3.7,0,0,Other,1
3507,18,Female,Clothing,57.0,3.7,0,0,Cash,1
3508,46,Female,Jewelry & Accessories,65.0,4.2,0,0,Credit Card,1
3509,52,Female,Clothing,54.0,4.7,0,0,Other,1
3510,50,Female,Clothing,22.0,4.3,0,0,Other,1
3511,49,Female,Clothing,96.0,4.9,0,0,Other,1
3512,69,Female,Jewelry & Accessories,81.0,3.9,0,0,Credit Card,1
3513,36,Female,Clothing,46.0,3.4,0,0,Debit Card,1
3514,30,Female,Clothing,74.0,4.2,0,0,Credit Card,1
3515,25,Female,Clothing,50.0,4.7,0,0,Cash,1
3516,19,Female,Clothing,80.0,4.0,0,0,Debit Card,1
3517,34,Female,Clothing,56.0,4.0,0,0,PayPal,1
3518,29,Female,Clothing,69.0,3.1,0,0,Debit Card,1
3519,50,Female,Clothing,97.0,4.2,0,0,PayPal,1
3520,31,Female,Clothing,66.0,3.7,0,0,Other,1
3521,41,Female,Jewelry & Accessories,70.0,3.1,0,0,Other,1
3522,52,Female,Clothing,50.0,3.7,0,0,Other,1
3523,27,Female,Clothing,85.0,3.2,0,0,Cash,1
3524,49,Female,Jewelry & Accessories,59.0,2.8,0,0,Cash,1
3525,69,Female,Clothing,74.0,2.9,0,0,Credit Card,1
3526,45,Female,Jewelry & Accessories,38.0,3.5,0,0,Other,1
3527,20,Female,Clothing,99.0,3.8,0,0,PayPal,1
3528,25,Female,Clothing,97.0,4.7,0,0,Cash,1
3529,38,Female,Jewelry & Accessories,67.0,4.5,0,0,PayPal,1
3530,55,Female,Clothing,20.0,3.9,0,0,Other,1
3531,62,Female,Jewelry & Accessories,45.0,3.4,0,0,PayPal,1
3532,54,Female,Clothing,52.0,4.6,0,0,Cash,1
3533,61,Female,Clothing,68.0,4.6,0,0,Credit Card,1
3534,50,Female,Clothing,98.0,4.7,0,0,Other,1
3535,65,Female,Clothing,83.0,3.2,0,0,Cash,1
3536,68,Female,Clothing,51.0,5.0,0,0,Debit Card,1
3537,55,Female,Jewelry & Accessories,21.0,4.5,0,0,Other,1
3538,57,Female,Jewelry & Accessories,92.0,3.5,0,0,Credit Card,1
3539,56,Female,Clothing,63.0,4.5,0,0,Other,1
3540,29,Female,Jewelry & Accessories,56.0,3.2,0,0,Credit Card,1
3541,24,Female,Clothing,95.0,4.6,0,0,Other,1
3542,59,Female,Clothing,66.0,4.0,0,0,PayPal,1
3543,62,Female,Clothing,28.0,4.2,0,0,Other,1
3544,58,Female,Jewelry & Accessories,83.0,4.1,0,0,PayPal,1
3545,64,Female,Clothing,55.0,3.6,0,0,Cash,1
3546,48,Female,Clothing,28.0,3.7,0,0,Debit Card,1
3547,60,Female,Jewelry & Accessories,79.0,3.6,0,0,Other,1
3548,52,Female,Jewelry & Accessories,31.0,3.8,0,0,Credit Card,1
3549,63,Female,Clothing,37.0,3.0,0,0,Debit Card,1
3550,44,Female,Clothing,34.0,3.4,0,0,Other,1
3551,63,Female,Clothing,74.0,4.8,0,0,Cash,1
3552,66,Female,Jewelry & Accessories,31.0,2.6,0,0,Other,1
3553,22,Female,Jewelry & Accessories,66.0,2.9,0,0,PayPal,1
3554,62,Female,Clothing,99.0,4.9,0,0,Other,1
3555,39,Female,Clothing,55.0,5.0,0,0,Credit Card,1
3556,25,Female,Clothing,23.0,4.6,0,0,Cash,1
3557,70,Female,Clothing,88.0,4.2,0,0,Cash,1
3558,52,Female,Clothing,26.0,4.9,0,0,PayPal,1
3559,68,Female,Jewelry & Accessories,94.0,4.8,0,0,Other,1
3560,18,Female,Clothing,25.0,3.0,0,0,Other,1
3561,18,Female,Clothing,96.0,3.5,0,0,Credit Card,1
3562,63,Female,Clothing,29.0,3.4,0,0,Credit Card,1
3563,47,Female,Clothing,36.0,3.4,0,0,Other,1
3564,43,Female,Clothing,90.0,4.9,0,0,Credit Card,1
3565,60,Female,Jewelry & Accessories,38.0,4.4,0,0,Other,1
3566,49,Female,Jewelry & Accessories,52.0,4.2,0,0,PayPal,1
3567,28,Female,Clothing,88.0,3.1,0,0,Other,1
3568,32,Female,Jewelry & Accessories,56.0,4.0,0,0,Credit Card,1
3569,29,Female,Clothing,71.0,4.8,0,0,PayPal,1
3570,35,Female,Clothing,94.0,3.3,0,0,Other,1
3571,23,Female,Clothing,97.0,4.7,0,0,Debit Card,1
3572,70,Female,Clothing,27.0,3.2,0,0,Other,1
3573,23,Female,Clothing,28.0,5.0,0,0,Credit Card,1
3574,43,Female,Clothing,67.0,4.9,0,0,PayPal,1
3575,29,Female,Clothing,70.0,4.9,0,0,Other,1
3576,61,Female,Clothing,95.0,3.7,0,0,Other,1
3577,29,Female,Clothing,24.0,3.0,0,0,Other,1
3578,66,Female,Jewelry & Accessories,35.0,2.6,0,0,Other,1
3579,46,Female,Clothing,22.0,2.6,0,0,Other,1
3580,34,Female,Jewelry & Accessories,66.0,4.8,0,0,Credit Card,1
3581,51,Female,Clothing,83.0,3.2,0,0,Cash,1
3582,26,Female,Clothing,95.0,4.9,0,0,Credit Card,1
3583,23,Female,Clothing,41.0,3.4,0,0,PayPal,1
3584,52,Female,Clothing,77.0,2.7,0,0,Credit Card,1
3585,39,Female,Clothing,52.0,4.8,0,0,Debit Card,1
3586,39,Female,Jewelry & Accessories,41.0,4.1,0,0,Other,1
3587,33,Female,Clothing,28.0,4.6,0,0,PayPal,1
3588,33,Female,Clothing,90.0,4.4,0,0,Debit Card,1
3589,23,Female,Jewelry & Accessories,55.0,3.5,0,0,Cash,1
3590,31,Female,Jewelry & Accessories,73.0,4.8,0,0,Cash,1
3591,27,Female,Clothing,87.0,2.9,0,0,Other,1
3592,48,Female,Clothing,89.0,3.2,0,0,Other,1
3593,61,Female,Clothing,82.0,4.4,0,0,Other,1
3594,63,Female,Clothing,80.0,4.6,0,0,PayPal,1
3595,19,Female,Jewelry & Accessories,87.0,2.6,0,0,Other,1
3596,21,Female,Clothing,41.0,3.1,0,0,PayPal,1
3597,28,Female,Clothing,83.0,4.3,0,0,Cash,1
3598,29,Female,Jewelry & Accessories,71.0,3.1,0,0,Other,1
3599,23,Female,Clothing,76.0,4.6,0,0,Other,1
3600,37,Female,Jewelry & Accessories,34.0,4.6,0,0,Cash,1
3601,67,Female,Clothing,81.0,2.7,0,0,Cash,1
3602,34,Female,Clothing,47.0,3.0,0,0,PayPal,1
3603,58,Female,Clothing,36.0,3.3,0,0,Debit Card,1
3604,45,Female,Clothing,51.0,2.7,0,0,Cash,1
3605,63,Female,Clothing,86.0,3.3,0,0,Debit Card,1
3606,68,Female,Clothing,41.0,4.3,0,0,Other,1
3607,41,Female,Clothing,90.0,4.8,0,0,Other,1
3608,50,Female,Jewelry & Accessories,93.0,3.3,0,0,Other,1
3609,24,Female,Jewelry & Accessories,56.0,4.3,0,0,Cash,1
3610,21,Female,Clothing,39.0,3.0,0,0,Debit Card,1
3611,18,Female,Clothing,86.0,4.8,0,0,Other,1
3612,63,Female,Clothing,82.0,2.9,0,0,Credit Card,1
3613,47,Female,Clothing,29.0,3.6,0,0,Cash,1
3614,58,Female,Jewelry & Accessories,27.0,3.5,0,0,Other,1
3615,46,Female,Jewelry & Accessories,25.0,4.7,0,0,Other,1
3616,35,Female,Clothing,31.0,4.4,0,0,Credit Card,1
3617,42,Female,Clothing,23.0,3.3,0,0,Debit Card,1
3618,48,Female,Jewelry & Accessories,47.0,4.3,0,0,Debit Card,1
3619,28,Female,Jewelry & Accessories,67.0,4.0,0,0,PayPal,1
3620,44,Female,Jewelry & Accessories,75.0,4.9,0,0,Other,1
3621,60,Female,Clothing,82.0,2.9,0,0,Credit Card,1
3622,38,Female,Clothing,32.0,4.0,0,0,Cash,1
3623,46,Female,Clothing,41.0,4.3,0,0,Credit Card,1
3624,39,Female,Jewelry & Accessories,89.0,2.7,0,0,PayPal,1
3625,22,Female,Jewelry & Accessories,82.0,5.0,0,0,Other,1
3626,44,Female,Jewelry & Accessories,99.0,4.4,0,0,PayPal,1
3627,69,Female,Clothing,98.0,3.5,0,0,Other,1
3628,39,Female,Jewelry & Accessories,54.0,3.3,0,0,Cash,1
3629,53,Female,Clothing,88.0,3.8,0,0,Credit Card,1
3630,52,Female,Clothing,43.0,4.5,0,0,Debit Card,1
3631,65,Female,Jewelry & Accessories,73.0,4.8,0,0,Cash,1
3632,48,Female,Jewelry & Accessories,50.0,2.9,0,0,Credit Card,1
3633,27,Female,Clothing,73.0,3.2,0,0,Debit Card,1
3634,39,Female,Jewelry & Accessories,51.0,2.8,0,0,Other,1
3635,59,Female,Clothing,22.0,3.3,0,0,PayPal,1
3636,52,Female,Clothing,32.0,3.3,0,0,Credit Card,1
3637,50,Female,Clothing,38.0,4.2,0,0,Cash,1
3638,32,Female,Clothing,66.0,3.6,0,0,Credit Card,1
3639,40,Female,Jewelry & Accessories,20.0,4.6,0,0,PayPal,1
3640,26,Female,Clothing,44.0,3.6,0,0,Other,1
3641,47,Female,Jewelry & Accessories,31.0,4.0,0,0,PayPal,1
3642,51,Female,Clothing,45.0,2.7,0,0,Other,1
3643,47,Female,Clothing,71.0,4.4,0,0,PayPal,1
3644,53,Female,Jewelry & Accessories,96.0,3.2,0,0,Debit Card,1
3645,35,Female,Clothing,32.0,2.6,0,0,Other,1
3646,38,Female,Jewelry & Accessories,90.0,3.4,0,0,Credit Card,1
3647,69,Female,Jewelry & Accessories,68.0,5.0,0,0,Debit Card,1
3648,47,Female,Clothing,45.0,2.9,0,0,Other,1
3649,31,Female,Clothing,67.0,5.0,0,0,Cash,1
3650,68,Female,Clothing,57.0,4.4,0,0,Credit Card,1
3651,51,Female,Clothing,60.0,3.5,0,0,PayPal,1
3652,20,Female,Jewelry & Accessories,32.0,3.8,0,0,Other,1
3653,27,Female,Jewelry & Accessories,29.0,3.8,0,0,Debit Card,1
3654,67,Female,Clothing,20.0,3.9,0,0,Credit Card,1
3655,21,Female,Jewelry & Accessories,98.0,3.3,0,0,Credit Card,1
3656,20,Female,Clothing,27.0,2.9,0,0,Credit Card,1
3657,35,Female,Clothing,67.0,3.7,0,0,Credit Card,1
3658,58,Female,Clothing,82.0,3.7,0,0,Debit Card,1
3659,28,Female,Clothing,72.0,4.6,0,0,PayPal,1
3660,27,Female,Clothing,77.0,4.9,0,0,Other,1
3661,19,Female,Clothing,74.0,3.1,0,0,Other,1
3662,63,Female,Clothing,39.0,3.5,0,0,Credit Card,1
3663,69,Female,Clothing,80.0,4.9,0,0,Debit Card,1
3664,65,Female,Jewelry & Accessories,59.0,4.4,0,0,Credit Card,1
3665,63,Female,Clothing,68.0,4.4,0,0,Debit Card,1
3666,28,Female,Clothing,77.0,3.4,0,0,Credit Card,1
3667,67,Female,Jewelry & Accessories,50.0,3.0,0,0,Cash,1
3668,51,Female,Clothing,45.0,2.6,0,0,Other,1
3669,59,Female,Clothing,71.0,3.2,0,0,Other,1
3670,25,Female,Clothing,52.0,4.6,0,0,PayPal,1
3671,31,Female,Clothing,50.0,3.8,0,0,PayPal,1
3672,62,Female,Jewelry & Accessories,66.0,4.8,0,0,Other,1
3673,51,Female,Clothing,81.0,4.5,0,0,PayPal,1
3674,32,Female,Clothing,28.0,4.2,0,0,Other,1
3675,35,Female,Jewelry & Accessories,65.0,2.7,0,0,Other,1
3676,70,Female,Jewelry & Accessories,80.0,4.5,0,0,Other,1
3677,19,Female,Jewelry & Accessories,94.0,4.9,0,0,PayPal,1
3678,32,Female,Jewelry & Accessories,30.0,2.8,0,0,Cash,1
3679,56,Female,Clothing,45.0,3.5,0,0,Other,1
3680,53,Female,Clothing,91.0,2.5,0,0,Cash,1
3681,22,Female,Jewelry & Accessories,36.0,2.9,0,0,Debit Card,1
3682,26,Female,Jewelry & Accessories,73.0,4.2,0,0,Debit Card,1
3683,42,Female,Clothing,60.0,4.6,0,0,Other,1
3684,30,Female,Clothing,77.0,3.0,0,0,Other,1
3685,29,Female,Clothing,86.0,4.4,0,0,Credit Card,1
3686,47,Female,Clothing,42.0,2.6,0,0,Cash,1
3687,59,Female,Clothing,70.0,4.8,0,0,Cash,1
3688,34,Female,Clothing,44.0,2.9,0,0,Other,1
3689,52,Female,Jewelry & Accessories,91.0,3.0,0,0,Cash,1
3690,47,Female,Jewelry & Accessories,30.0,4.5,0,0,Other,1
3691,24,Female,Clothing,23.0,3.7,0,0,Other,1
3692,63,Female,Clothing,21.0,4.8,0,0,PayPal,1
3693,59,Female,Clothing,34.0,4.8,0,0,Cash,1
3694,66,Female,Clothing,46.0,4.7,0,0,Other,1
3695,45,Female,Clothing,41.0,2.6,0,0,PayPal,1
3696,38,Female,Clothing,33.0,4.6,0,0,Other,1
3697,63,Female,Clothing,48.0,3.4,0,0,Other,1
3698,55,Female,Clothing,66.0,3.0,0,0,Cash,1
3699,25,Female,Clothing,54.0,4.0,0,0,Other,1
3700,51,Female,Jewelry & Accessories,55.0,2.6,0,0,Other,1
3701,28,Female,Jewelry & Accessories,84.0,3.4,0,0,Other,1
3702,46,Female,Clothing,66.0,4.5,0,0,Cash,1
3703,58,Female,Clothing,65.0,2.7,0,0,Other,1
3704,30,Female,Clothing,83.0,2.9,0,0,PayPal,1
3705,68,Female,Jewelry & Accessories,61.0,4.0,0,0,Credit Card,1
3706,28,Female,Clothing,65.0,3.2,0,0,Debit Card,1
3707,26,Female,Clothing,55.0,4.0,0,0,Cash,1
3708,35,Female,Jewelry & Accessories,79.0,3.4,0,0,Other,1
3709,40,Female,Clothing,96.0,4.9,0,0,PayPal,1
3710,31,Female,Clothing,43.0,3.6,0,0,PayPal,1
3711,60,Female,Jewelry & Accessories,40.0,3.6,0,0,Other,1
3712,69,Female,Jewelry & Accessories,62.0,3.2,0,0,Cash,1
3713,51,Female,Clothing,72.0,3.7,0,0,PayPal,1
3714,49,Female,Clothing,87.0,2.6,0,0,Debit Card,1
3715,18,Female,Jewelry & Accessories,31.0,3.9,0,0,Credit Card,1
3716,63,Female,Jewelry & Accessories,34.0,3.4,0,0,Other,1
3717,57,Female,Clothing,53.0,3.4,0,0,Debit Card,1
3718,45,Female,Clothing,85.0,4.2,0,0,Other,1
3719,36,Female,Clothing,50.0,2.9,0,0,Other,1
3720,20,Female,Clothing,91.0,4.1,0,0,Other,1
3721,21,Female,Jewelry & Accessories,56.0,3.6,0,0,Credit Card,1
3722,62,Female,Clothing,60.0,4.0,0,0,Cash,1
3723,23,Female,Clothing,34.0,4.0,0,0,Credit Card,1
3724,26,Female,Clothing,30.0,3.6,0,0,Debit Card,1
3725,30,Female,Jewelry & Accessories,71.0,3.1,0,0,Other,1
3726,18,Female,Clothing,100.0,4.4,0,0,PayPal,1
3727,47,Female,Jewelry & Accessories,85.0,4.3,0,0,Debit Card,1
3728,41,Female,Clothing,83.0,3.5,0,0,Debit Card,1
3729,62,Female,Clothing,31.0,3.0,0,0,Debit Card,1
3730,28,Female,Clothing,82.0,4.7,0,0,Cash,1
3731,46,Female,Clothing,79.0,2.5,0,0,Credit Card,1
3732,54,Female,Jewelry & Accessories,62.0,3.1,0,0,PayPal,1
3733,36,Female,Clothing,92.0,3.3,0,0,PayPal,1
3734,25,Female,Clothing,58.0,4.7,0,0,Debit Card,1
3735,38,Female,Clothing,88.0,3.4,0,0,Debit Card,1
3736,38,Female,Clothing,44.0,3.1,0,0,PayPal,1
3737,42,Female,Clothing,56.0,4.6,0,0,PayPal,1
3738,19,Female,Jewelry & Accessories,23.0,4.9,0,0,PayPal,1
3739,34,Female,Clothing,45.0,2.7,0,0,Cash,1
3740,38,Female,Jewelry & Accessories,31.0,4.2,0,0,Credit Card,1
3741,42,Female,Clothing,96.0,2.6,0,0,Debit Card,1
3742,58,Female,Clothing,96.0,3.2,0,0,Debit Card,1
3743,56,Female,Clothing,80.0,4.4,0,0,Credit Card,1
3744,62,Female,Clothing,28.0,3.6,0,0,Debit Card,1
3745,24,Female,Clothing,51.0,2.7,0,0,Other,1
3746,60,Female,Clothing,41.0,4.3,0,0,Debit Card,1
3747,53,Female,Clothing,99.0,2.6,0,0,PayPal,1
3748,26,Female,Clothing,53.0,4.3,0,0,Other,1
3749,34,Female,Jewelry & Accessories,25.0,3.9,0,0,Other,1
3750,24,Female,Clothing,95.0,2.9,0,0,Other,1
3751,42,Female,Clothing,88.0,3.1,0,0,PayPal,1
3752,36,Female,Jewelry & Accessories,97.0,4.2,0,0,Credit Card,1
3753,24,Female,Clothing,81.0,4.1,0,0,Other,1
3754,39,Female,Jewelry & Accessories,26.0,4.2,0,0,Other,1
3755,46,Female,Clothing,41.0,4.4,0,0,Cash,1
3756,64,Female,Clothing,93.0,3.4,0,0,Credit Card,1
3757,64,Female,Clothing,69.0,4.8,0,0,Debit Card,1
3758,61,Female,Clothing,44.0,4.5,0,0,Cash,1
3759,61,Female,Clothing,54.0,2.7,0,0,Other,1
3760,44,Female,Clothing,61.0,3.5,0,0,Other,1
3761,65,Female,Clothing,80.0,3.1,0,0,PayPal,1
3762,60,Female,Jewelry & Accessories,30.0,2.8,0,0,Other,1
3763,65,Female,Clothing,94.0,2.9,0,0,PayPal,1
3764,27,Female,Clothing,24.0,4.5,0,0,Cash,1
3765,36,Female,Clothing,21.0,3.5,0,0,Other,1
3766,22,Female,Jewelry & Accessories,52.0,4.3,0,0,Other,1
3767,62,Female,Jewelry & Accessories,59.0,4.9,0,0,Debit Card,1
3768,59,Female,Clothing,51.0,3.1,0,0,Other,1
3769,50,Female,Clothing,35.0,4.0,0,0,Other,1
3770,51,Female,Jewelry & Accessories,87.0,3.6,0,0,Other,1
3771,23,Female,Clothing,42.0,4.0,0,0,Other,1
3772,21,Female,Clothing,86.0,2.6,0,0,Other,1
3773,44,Female,Clothing,26.0,3.1,0,0,Cash,1
3774,25,Female,Clothing,60.0,3.5,0,0,Cash,1
3775,57,Female,Jewelry & Accessories,83.0,3.9,0,0,PayPal,1
3776,41,Female,Jewelry & Accessories,63.0,2.7,0,0,Cash,1
3777,19,Female,Clothing,25.0,4.1,0,0,Credit Card,1
3778,43,Female,Clothing,65.0,4.3,0,0,Cash,1
3779,25,Female,Clothing,60.0,2.9,0,0,Debit Card,1
3780,60,Female,Clothing,75.0,4.0,0,0,PayPal,1
3781,54,Female,Clothing,57.0,4.1,0,0,Other,1
3782,52,Female,Clothing,99.0,3.7,0,0,PayPal,1
3783,40,Female,Clothing,45.0,2.8,0,0,PayPal,1
3784,39,Female,Jewelry & Accessories,66.0,3.2,0,0,Debit Card,1
3785,54,Female,Clothing,53.0,4.5,0,0,Other,1
3786,64,Female,Clothing,94.0,3.8,0,0,Cash,1
3787,31,Female,Clothing,47.0,3.6,0,0,Other,1
3788,37,Female,Clothing,80.0,3.6,0,0,PayPal,1
3789,43,Female,Jewelry & Accessories,65.0,3.2,0,0,Debit Card,1
3790,56,Female,Clothing,75.0,3.8,0,0,Other,1
3791,27,Female,Jewelry & Accessories,45.0,4.4,0,0,Credit Card,1
3792,40,Female,Jewelry & Accessories,51.0,3.7,0,0,Other,1
3793,43,Female,Jewelry & Accessories,58.0,2.6,0,0,PayPal,1
3794,62,Female,Jewelry & Accessories,20.0,4.0,0,0,Other,1
3795,44,Female,Jewelry & Accessories,82.0,3.6,0,0,Other,1
3796,45,Female,Jewelry & Accessories,92.0,2.5,0,0,Cash,1
3797,40,Female,Clothing,81.0,3.2,0,0,Other,1
3798,68,Female,Jewelry & Accessories,44.0,2.5,0,0,Cash,1
3799,63,Female,Jewelry & Accessories,72.0,3.2,0,0,Credit Card,1
3800,60,Female,Clothing,26.0,2.6,0,0,Credit Card,1
3801,19,Female,Clothing,26.0,4.8,0,0,Other,1
3802,26,Female,Clothing,84.0,5.0,0,0,PayPal,1
3803,70,Female,Jewelry & Accessories,72.0,3.2,0,0,Other,1
3804,48,Female,Jewelry & Accessories,55.0,3.6,0,0,Debit Card,1
3805,37,Female,Jewelry & Accessories,77.0,2.7,0,0,Cash,1
3806,48,Female,Jewelry & Accessories,57.0,3.1,0,0,Credit Card,1
3807,18,Female,Clothing,71.0,3.0,0,0,PayPal,1
3808,38,Female,Clothing,39.0,2.9,0,0,PayPal,1
3809,33,Female,Clothing,28.0,4.7,0,0,Debit Card,1
3810,57,Female,Clothing,33.0,3.7,0,0,Credit Card,1
3811,46,Female,Clothing,79.0,3.9,0,0,Other,1
3812,46,Female,Jewelry & Accessories,30.0,4.0,0,0,Cash,1
3813,50,Female,Clothing,75.0,2.8,0,0,Other,1
3814,61,Female,Clothing,89.0,4.1,0,0,Other,1
3815,45,Female,Clothing,95.0,4.2,0,0,Other,1
3816,32,Female,Jewelry & Accessories,44.0,4.3,0,0,Other,1
3817,29,Female,Clothing,86.0,4.3,0,0,Credit Card,1
3818,66,Female,Jewelry & Accessories,91.0,2.6,0,0,PayPal,1
3819,70,Female,Clothing,41.0,3.8,0,0,Cash,1
3820,36,Female,Clothing,99.0,2.9,0,0,Cash,1
3821,34,Female,Jewelry & Accessories,65.0,5.0,0,0,Debit Card,1
3822,20,Female,Clothing,48.0,4.6,0,0,Credit Card,1
3823,70,Female,Jewelry & Accessories,41.0,3.2,0,0,PayPal,1
3824,50,Female,Clothing,42.0,3.0,0,0,Other,1
3825,54,Female,Clothing,26.0,4.0,0,0,Credit Card,1
3826,49,Female,Clothing,35.0,4.1,0,0,Debit Card,1
3827,50,Female,Clothing,31.0,4.0,0,0,Other,1
3828,62,Female,Jewelry & Accessories,73.0,4.1,0,0,Cash,1
3829,42,Female,Clothing,82.0,3.4,0,0,Cash,1
3830,69,Female,Clothing,32.0,2.9,0,0,Debit Card,1
3831,22,Female,Jewelry & Accessories,27.0,3.0,0,0,Other,1
3832,36,Female,Jewelry & Accessories,86.0,4.0,0,0,Debit Card,1
3833,64,Female,Clothing,38.0,4.8,0,0,Cash,1
3834,44,Female,Clothing,93.0,4.6,0,0,PayPal,1
3835,43,Female,Clothing,59.0,4.1,0,0,Cash,1
3836,58,Female,Clothing,58.0,2.6,0,0,PayPal,1
3837,62,Female,Clothing,84.0,2.5,0,0,PayPal,1
3838,45,Female,Clothing,100.0,4.8,0,0,Other,1
3839,47,Female,Clothing,25.0,4.2,0,0,Other,1
3840,66,Female,Clothing,29.0,3.9,0,0,Other,1
3841,30,Female,Clothing,42.0,3.7,0,0,Other,1
3842,68,Female,Clothing,57.0,4.2,0,0,Other,1
3843,35,Female,Clothing,84.0,4.2,0,0,Debit Card,1
3844,64,Female,Jewelry & Accessories,71.0,4.0,0,0,Other,1
3845,30,Female,Clothing,87.0,5.0,0,0,Other,1
3846,58,Female,Clothing,52.0,4.9,0,0,Other,1
3847,57,Female,Clothing,58.0,4.0,0,0,PayPal,1
3848,60,Female,Clothing,34.0,3.2,0,0,PayPal,1
3849,22,Female,Jewelry & Accessories,60.0,3.0,0,0,Cash,1
3850,46,Female,Clothing,68.0,2.6,0,0,PayPal,1
3851,27,Female,Jewelry & Accessories,74.0,4.4,0,0,Debit Card,1
3852,50,Female,Jewelry & Accessories,83.0,3.9,0,0,Debit Card,1
3853,65,Female,Jewelry & Accessories,79.0,4.0,0,0,PayPal,1
3854,61,Female,Jewelry & Accessories,76.0,4.0,0,0,Debit Card,1
3855,57,Female,Clothing,20.0,4.2,0,0,Other,1
3856,40,Female,Clothing,61.0,4.4,0,0,Cash,1
3857,39,Female,Clothing,78.0,2.5,0,0,Debit Card,1
3858,42,Female,Jewelry & Accessories,21.0,3.1,0,0,Credit Card,1
3859,30,Female,Clothing,77.0,3.5,0,0,Credit Card,1
3860,65,Female,Clothing,88.0,3.0,0,0,Other,1
3861,57,Female,Jewelry & Accessories,64.0,4.4,0,0,Cash,1
3862,64,Female,Clothing,57.0,4.9,0,0,Credit Card,1
3863,56,Female,Clothing,49.0,2.8,0,0,Other,1
3864,40,Female,Jewelry & Accessories,35.0,3.3,0,0,Cash,1
3865,55,Female,Clothing,99.0,4.9,0,0,Debit Card,1
3866,25,Female,Clothing,42.0,4.2,0,0,Cash,1
3867,58,Female,Jewelry & Accessories,32.0,3.3,0,0,Credit Card,1
3868,46,Female,Clothing,21.0,2.7,0,0,Credit Card,1
3869,18,Female,Clothing,29.0,3.3,0,0,Cash,1
3870,26,Female,Clothing,64.0,3.8,0,0,Other,1
3871,61,Female,Clothing,46.0,3.2,0,0,Cash,1
3872,55,Female,Clothing,97.0,4.1,0,0,Other,1
3873,41,Female,Clothing,94.0,4.3,0,0,Cash,1
3874,42,Female,Clothing,43.0,4.0,0,0,Credit Card,1
3875,70,Female,Clothing,54.0,3.9,0,0,Credit Card,1
3876,63,Female,Jewelry & Accessories,51.0,3.3,0,0,Credit Card,1
3877,60,Female,Clothing,85.0,2.6,0,0,Cash,1
3878,28,Female,Clothing,96.0,4.2,0,0,Debit Card,1
3879,60,Female,Jewelry & Accessories,42.0,3.4,0,0,Credit Card,1
3880,26,Female,Clothing,63.0,4.1,0,0,Debit Card,1
3881,42,Female,Clothing,20.0,3.9,0,0,PayPal,1
3882,56,Female,Jewelry & Accessories,25.0,2.8,0,0,Debit Card,1
3883,35,Female,Clothing,95.0,2.6,0,0,Cash,1
3884,34,Female,Jewelry & Accessories,38.0,4.0,0,0,Cash,1
3885,47,Female,Clothing,29.0,4.9,0,0,PayPal,1
3886,49,Female,Clothing,64.0,3.2,0,0,Cash,1
3887,37,Female,Jewelry & Accessories,92.0,3.9,0,0,Debit Card,1
3888,40,Female,Clothing,34.0,2.7,0,0,Credit Card,1
3889,45,Female,Clothing,69.0,3.4,0,0,Other,1
3890,57,Female,Clothing,65.0,3.5,0,0,Other,1
3891,35,Female,Clothing,81.0,2.6,0,0,Debit Card,1
3892,36,Female,Clothing,30.0,4.7,0,0,Other,1
3893,35,Female,Jewelry & Accessories,86.0,3.5,0,0,PayPal,1
3894,21,Female,Jewelry & Accessories,64.0,3.3,0,0,Other,1
3895,66,Female,Clothing,78.0,3.9,0,0,Credit Card,1
3896,40,Female,Clothing,28.0,4.2,0,0,Other,1
3897,52,Female,Jewelry & Accessories,49.0,4.5,0,0,Other,1
3898,46,Female,Jewelry & Accessories,33.0,2.9,0,0,Other,1
3899,44,Female,Clothing,77.0,3.8,0,0,Other,1
3900,52,Female,Jewelry & Accessories,81.0,3.1,0,0,Other,1
376116911,22,Female,Gardening & Outdoors,333.8,3.5,1,0,Credit Card,0
293929296,49,Male,Food & Beverages,222.22,2.5,1,0,PayPal,0
846495117,24,Female,Office Supplies,426.22,3.5,1,1,Debit Card,0
489806078,29,Female,Home Appliances,101.31,0.5,1,1,Other,0
911709072,33,Female,Furniture,211.7,5.0,0,0,Debit Card,1
825614233,45,Male,Office Supplies,487.95,1.5,0,0,Debit Card,0
901449193,21,Female,Furniture,486.4,4.5,1,0,Debit Card,0
886614689,39,Male,Books,218.06,4.5,0,1,Credit Card,2
370653182,24,Female,Office Supplies,201.96,1.0,0,0,Cash,0
848949222,25,Queer,Sports & Outdoors,418.83,2.5,1,0,PayPal,0
446744037,33,Male,Mobile Accessories,389.7,2.0,1,0,PayPal,0
781168349,38,Female,Sports & Outdoors,238.93,5.0,1,0,Cash,2
199338095,34,Male,Luxury Goods,61.22,3.5,1,1,Debit Card,2
806845072,32,Male,Animal Feed,79.81,4.5,0,1,Debit Card,2
233027502,30,Female,Health Care,58.51,2.0,1,1,PayPal,2
900698934,40,Male,Hotels,109.29,1.0,0,1,Debit Card,0
450737243,37,Male,Furniture,356.45,3.5,0,1,Credit Card,0
898832101,38,Female,Mobile Accessories,236.99,4.0,1,1,PayPal,2
4779449,36,Male,Packages),454.39,1.5,0,1,Other,0
671597366,29,Female,Electronics,490.75,2.0,0,0,Debit Card,0
856914293,21,Female,Software & Apps,463.07,1.0,1,0,PayPal,0
560850464,36,Female,Baby Products,56.74,3.0,1,0,Other,2
332642822,38,Male,Toys & Games,371.32,0.5,1,1,Debit Card,0
954782650,37,Female,Software & Apps,461.0,4.0,0,1,Cash,0
43496759,33,Female,Food & Beverages,253.37,5.0,1,0,Other,2
217558745,37,Male,Packages),136.53,1.5,1,1,PayPal,0
296257057,31,Female,Arts & Crafts,489.05,1.0,1,1,PayPal,0
586238404,50,Male,Electronics,81.91,2.0,0,1,Debit Card,2
565064709,50,Male,Arts & Crafts,135.8,1.0,0,1,Debit Card,0
258398670,45,Female,Health Supplements,382.24,2.0,1,1,PayPal,0
891940596,33,Female,Gardening & Outdoors,354.7,3.5,1,0,Other,0
551631389,24,Male,Mobile Accessories,433.82,4.0,0,1,Other,0
282254286,39,Queer,Mobile Accessories,282.13,1.0,1,0,Other,0
143058712,48,Male,Mobile Accessories,454.38,5.0,1,0,PayPal,0
857386864,25,Male,Mobile Accessories,138.88,1.5,1,0,Cash,0
171985155,30,Female,Books,52.34,2.5,1,1,PayPal,2
153549904,34,Male,Groceries,338.2,4.5,1,0,Other,0
351989248,21,Female,Toys & Games,263.15,5.0,1,0,Other,2
39506074,36,Female,Software & Apps,371.58,5.0,1,1,Cash,0
199990134,30,Male,Health Care,353.4,0.5,0,1,Credit Card,0
579891487,46,Female,Software & Apps,329.41,0.5,1,1,Cash,0
78162673,46,Female,Food & Beverages,54.46,0.5,0,0,Other,1
707613550,43,Male,Books,257.12,0.5,1,0,Other,0
382423251,43,Male,Arts & Crafts,293.04,1.5,1,0,PayPal,0
955250842,34,Male,Books,110.4,1.5,0,0,Debit Card,1
371014922,42,Female,Mobile Accessories,76.27,4.0,1,0,Credit Card,2
371285425,40,Female,Toys & Games,392.08,3.5,1,1,Other,0
274399545,25,Female,Toys & Games,51.22,2.5,1,1,Cash,2
371267954,38,Male,Clothing,227.57,3.0,0,1,PayPal,0
829900504,46,Female,Groceries,378.87,1.0,1,0,PayPal,0
217340212,24,Female,Beauty & Personal Care,423.92,4.5,0,1,Credit Card,0
761489413,43,Queer,Arts & Crafts,111.24,1.0,1,0,Credit Card,0
536393774,37,Female,Travel & Leisure (Flights,299.31,1.5,1,0,Debit Card,0
208179584,42,Male,Animal Feed,169.28,0.5,1,1,Cash,0
186553670,29,Male,Office Supplies,449.13,1.0,0,0,Credit Card,0
724315021,35,Female,Animal Feed,427.48,0.5,1,0,Debit Card,0
74793919,27,Female,Sports & Outdoors,171.61,3.0,1,0,Credit Card,0
170326274,40,Female,Books,240.28,3.5,1,1,Cash,0
641669097,34,Female,Furniture,310.17,5.0,0,0,Debit Card,1
394993854,25,Female,Hotels,166.0,5.0,0,0,PayPal,1
396365871,38,Male,Baby Products,362.01,0.5,0,0,Debit Card,0
716672334,33,Queer,Travel & Leisure (Flights,348.5,3.0,0,0,Debit Card,0
351929050,32,Female,Animal Feed,395.97,3.0,1,1,Debit Card,0
914400011,50,Female,Sports & Outdoors,474.99,4.0,1,0,Credit Card,0
208304758,35,Female,Luxury Goods,286.43,1.5,1,0,Cash,0
843371016,19,Queer,Health Care,333.32,1.5,1,0,Credit Card,0
93464992,46,Queer,Electronics,223.47,1.0,1,1,Debit Card,0
750833608,23,Male,Sports & Outdoors,414.83,2.0,0,0,Credit Card,0
297797209,34,Female,Books,391.38,3.5,0,0,Other,0
124095166,48,Male,Furniture,368.4,1.5,0,0,Credit Card,0
70244995,27,Queer,Furniture,328.36,2.0,0,1,Cash,0
744785950,37,Female,Home Appliances,424.39,3.5,1,0,Credit Card,0
313951286,47,Male,Health Supplements,197.12,0.5,1,1,Other,0
608384334,45,Male,Books,454.57,0.5,1,1,Debit Card,0
711978227,37,Male,Electronics,298.38,1.0,0,1,Cash,0
155303861,36,Male,Clothing,111.7,2.5,0,0,Credit Card,1
305674471,34,Male,Clothing,373.69,4.0,0,1,Credit Card,0
44651819,37,Male,Jewelry & Accessories,354.87,2.0,0,1,Cash,0
696920614,18,Female,Mobile Accessories,214.48,1.5,1,1,Cash,0
128398066,20,Male,Software & Apps,399.58,4.0,1,0,Other,0
54658765,27,Female,Luxury Goods,380.99,0.5,1,1,Cash,0
815803810,36,Male,Food & Beverages,79.0,3.0,0,1,Cash,2
743536312,46,Female,Groceries,113.88,2.0,0,0,PayPal,1
788241887,26,Male,Travel & Leisure (Flights,121.57,2.0,0,1,Other,0
312180024,21,Female,Health Supplements,215.54,3.0,1,1,Credit Card,0
157114107,43,Male,Furniture,87.03,2.5,0,1,PayPal,2
766721193,19,Male,Travel & Leisure (Flights,111.75,3.0,0,1,Debit Card,0
465035589,41,Female,Office Supplies,136.2,0.5,1,1,PayPal,0
874996916,48,Male,Food & Beverages,439.31,3.0,0,1,Debit Card,0
305208656,19,Female,Health Care,194.93,2.0,1,1,Other,0
363233504,29,Male,Food & Beverages,377.67,0.5,1,0,PayPal,0
938104051,26,Queer,Beauty & Personal Care,108.61,1.5,1,1,Cash,0
665153648,20,Female,Health Care,366.77,4.5,0,0,Debit Card,0
92161957,31,Female,Jewelry & Accessories,178.04,2.5,0,0,Credit Card,1
232532565,23,Female,Toys & Games,461.09,2.0,1,0,Debit Card,0
745094985,19,Female,Hotels,211.16,1.5,0,0,PayPal,0
58571572,23,Female,Animal Feed,421.95,0.5,0,1,Other,0
265218328,49,Female,Furniture,378.59,2.0,0,0,Other,0
311476197,23,Queer,Office Supplies,268.93,1.5,0,0,Debit Card,0
900930469,42,Male,Health Care,444.87,4.0,0,0,Other,0
389351865,18,Female,Beauty & Personal Care,160.82,0.5,1,1,Cash,0
759538663,35,Male,Hotels,494.18,1.0,0,0,Cash,0
384782681,22,Male,Home Appliances,177.05,0.5,1,1,Cash,0
708955298,28,Female,Food & Beverages,450.66,2.0,0,1,Credit Card,0
26535884,42,Female,Arts & Crafts,164.27,3.5,1,0,PayPal,2
117198800,37,Female,Food & Beverages,346.36,3.5,0,0,Credit Card,0
593555251,33,Female,Animal Feed,377.77,2.5,1,1,Credit Card,0
825729091,46,Female,Travel & Leisure (Flights,163.41,4.0,1,1,Other,2
860441071,30,Female,Hotels,467.58,3.0,1,1,PayPal,0
87330300,39,Female,Books,247.51,4.0,1,0,Credit Card,0
701081493,25,Female,Office Supplies,365.1,1.5,0,1,Debit Card,0
462308307,38,Female,Health Care,485.42,3.0,1,0,Other,0
744310242,41,Female,Health Care,250.54,5.0,0,0,Credit Card,1
782726417,49,Female,Jewelry & Accessories,163.14,1.0,1,1,Debit Card,0
137924356,21,Male,Gardening & Outdoors,162.31,1.0,0,0,Credit Card,0
45639091,37,Male,Office Supplies,328.21,1.0,0,0,Credit Card,0
795925396,30,Female,Sports & Outdoors,268.59,0.5,1,1,Debit Card,0
399524459,18,Female,Electronics,257.37,2.5,1,0,PayPal,0
679357964,41,Female,Office Supplies,205.49,1.0,1,0,Cash,0
268282720,40,Male,Mobile Accessories,407.91,2.5,1,1,Other,0
574107415,33,Female,Food & Beverages,254.73,1.5,1,1,Other,0
629898214,30,Female,Clothing,397.78,3.5,0,1,PayPal,0
738272774,33,Female,Electronics,305.29,4.0,1,1,Debit Card,0
196431879,45,Male,Food & Beverages,257.86,2.0,1,1,PayPal,0
573453921,42,Female,Jewelry & Accessories,393.45,5.0,0,0,Credit Card,0
988176731,30,Male,Health Supplements,58.49,4.0,1,1,Other,2
317880864,42,Male,Beauty & Personal Care,226.48,3.5,1,0,Debit Card,2
278064972,26,Female,Health Care,469.22,0.5,0,0,Credit Card,0
483431220,42,Female,Jewelry & Accessories,335.32,0.5,1,0,Other,0
156406493,31,Male,Animal Feed,184.74,2.5,0,1,Debit Card,0
648467450,37,Queer,Travel & Leisure (Flights,442.18,5.0,0,0,PayPal,0
587888938,49,Male,Health Supplements,427.1,1.0,0,1,PayPal,0
522403825,34,Male,Home Appliances,326.82,2.5,1,0,Credit Card,0
606182561,41,Male,Hotels,98.97,3.5,1,1,Other,2
949696819,33,Male,Health Care,77.65,1.5,1,1,Cash,2
769828107,47,Female,Electronics,85.61,1.5,1,1,Other,2
527798972,47,Male,Food & Beverages,164.79,2.5,1,1,Credit Card,2
405203271,29,Female,Health Supplements,235.46,3.5,0,1,Credit Card,0
798845600,36,Female,Books,245.14,2.0,1,0,PayPal,0
806079947,43,Male,Toys & Games,439.91,4.5,0,0,Other,0
872908263,31,Male,Home Appliances,309.22,2.0,0,0,Cash,0
993169993,27,Male,Groceries,146.59,1.0,0,1,Cash,0
541642243,48,Male,Hotels,298.73,1.0,0,1,Debit Card,0
147845606,19,Queer,Food & Beverages,395.01,3.0,1,0,Credit Card,0
479927446,41,Male,Electronics,371.19,4.0,0,0,Credit Card,0
375135073,33,Female,Electronics,193.76,1.0,0,0,Debit Card,0
934737248,43,Male,Baby Products,424.27,4.0,1,1,Cash,0
728301211,38,Male,Jewelry & Accessories,496.11,4.0,1,0,PayPal,0
879346762,41,Male,Baby Products,341.91,4.5,0,0,Cash,0
719759564,40,Male,Gardening & Outdoors,127.66,3.5,0,1,Credit Card,2
402325631,47,Queer,Software & Apps,227.47,2.0,1,0,Other,0
224144955,35,Male,Health Supplements,342.99,3.0,0,1,Other,0
990891930,49,Queer,Packages),306.48,4.5,0,1,Credit Card,0
621982511,22,Male,Home Appliances,308.54,2.5,0,1,Credit Card,0
212971223,49,Male,Travel & Leisure (Flights,124.17,2.0,1,1,Debit Card,2
109619336,27,Female,Travel & Leisure (Flights,78.0,0.5,1,0,Debit Card,0
714732656,27,Female,Health Care,393.03,1.5,1,1,Cash,0
849542973,37,Female,Hotels,102.09,4.5,0,1,PayPal,1
223829636,32,Male,Health Care,426.21,2.5,0,1,Other,0
897242536,42,Male,Arts & Crafts,140.31,2.5,1,1,Cash,2
853911888,18,Female,Software & Apps,413.7,4.5,0,1,Other,0
849342483,49,Male,Arts & Crafts,348.63,3.5,0,0,Debit Card,0
962291698,23,Female,Animal Feed,91.27,3.0,1,1,Cash,2
369486994,29,Female,Luxury Goods,359.94,4.0,0,1,Cash,0
431729431,25,Male,Gardening & Outdoors,138.2,3.0,0,1,Debit Card,0
536905759,38,Queer,Home Appliances,196.33,2.5,1,1,Debit Card,0
4963067,32,Female,Packages),249.24,1.5,0,1,Cash,0
103306387,45,Male,Furniture,129.1,4.0,1,0,Credit Card,2
875908963,45,Female,Baby Products,112.69,3.5,0,1,Debit Card,1
479312642,46,Male,Beauty & Personal Care,267.85,2.5,0,1,Credit Card,0
765016422,24,Male,Home Appliances,205.36,0.5,0,0,Credit Card,0
392742175,48,Queer,Health Supplements,79.1,4.5,1,0,Debit Card,2
624935282,35,Male,Health Care,256.63,1.0,1,1,Debit Card,0
188417253,50,Female,Books,409.98,0.5,1,0,PayPal,0
180975707,34,Male,Sports & Outdoors,291.6,3.5,0,1,Cash,0
837925141,50,Female,Home Appliances,101.7,1.0,0,1,Debit Card,0
650362410,50,Female,Health Care,369.73,1.5,1,1,Debit Card,0
675939579,46,Male,Baby Products,71.0,4.5,0,0,Cash,1
334846674,47,Male,Packages),280.05,1.0,1,0,Credit Card,0
652495416,35,Male,Jewelry & Accessories,54.71,1.5,1,1,PayPal,2
173284678,27,Male,Packages),119.51,4.0,0,0,PayPal,1
7338770,37,Female,Arts & Crafts,57.5,1.5,1,1,Cash,2
475013435,38,Female,Books,225.05,0.5,0,0,Credit Card,0
467797065,41,Female,Food & Beverages,441.15,0.5,0,0,Debit Card,0
916031565,48,Male,Animal Feed,481.21,0.5,0,0,Credit Card,0
351225020,48,Female,Arts & Crafts,102.96,3.5,0,1,PayPal,1
636844073,45,Female,Electronics,331.57,3.0,0,0,Debit Card,0
744832893,26,Queer,Electronics,101.29,3.5,0,1,Cash,1
727284406,50,Female,Packages),143.52,1.5,1,0,Credit Card,0
135882488,39,Male,Sports & Outdoors,276.48,2.0,0,0,Cash,0
798616506,20,Male,Toys & Games,352.87,3.0,0,0,PayPal,0
669746707,48,Male,Mobile Accessories,228.68,2.0,1,0,Debit Card,0
951126724,31,Female,Food & Beverages,301.39,2.0,0,0,Debit Card,0
272626874,25,Female,Books,473.5,1.5,0,1,Other,0
929085062,18,Queer,Home Appliances,72.8,5.0,1,0,PayPal,2
700146406,18,Male,Packages),171.72,1.0,0,1,PayPal,0
529089971,31,Male,Software & Apps,467.5,0.5,0,0,PayPal,0
576235362,43,Queer,Furniture,209.79,4.5,1,1,Other,2
483150196,23,Male,Office Supplies,150.33,4.5,1,0,Debit Card,2
719593896,29,Male,Luxury Goods,98.63,1.5,0,1,Other,0
299873969,21,Female,Beauty & Personal Care,193.3,0.5,1,1,Other,0
786131546,49,Female,Luxury Goods,145.02,0.5,1,1,Credit Card,0
436644451,30,Female,Health Supplements,294.99,2.0,0,0,PayPal,0
340953364,31,Queer,Office Supplies,305.45,0.5,0,1,PayPal,0
723936893,50,Female,Toys & Games,432.42,4.0,0,1,PayPal,0
737072809,35,Female,Gardening & Outdoors,227.58,4.0,0,1,Credit Card,0
46097885,36,Male,Toys & Games,160.89,3.0,1,1,PayPal,2
731394306,24,Female,Luxury Goods,139.1,1.5,0,0,PayPal,0
237948196,36,Queer,Furniture,268.28,1.0,0,1,Credit Card,0
660506391,45,Female,Sports & Outdoors,64.49,5.0,0,0,Other,1
223115460,44,Male,Arts & Crafts,80.17,4.0,1,1,Credit Card,2
519170766,28,Male,Groceries,277.52,3.5,1,0,PayPal,0
530131026,40,Male,Health Supplements,53.67,1.0,0,0,PayPal,1
297793457,49,Female,Office Supplies,323.39,3.5,1,1,Cash,0
180475540,50,Female,Sports & Outdoors,98.02,1.5,1,0,Debit Card,0
894385310,24,Male,Travel & Leisure (Flights,231.26,2.5,0,1,Cash,0
239853535,26,Male,Food & Beverages,382.49,1.5,1,0,Debit Card,0
679392463,28,Male,Travel & Leisure (Flights,255.42,4.5,1,1,PayPal,2
36236767,48,Female,Toys & Games,423.23,3.5,0,0,Debit Card,0
867496914,47,Male,Beauty & Personal Care,276.08,5.0,0,1,Credit Card,2
39778103,25,Male,Books,333.56,1.0,1,1,Other,0
38274021,39,Male,Groceries,129.82,0.5,0,0,Cash,0
685074747,41,Female,Clothing,278.78,0.5,1,0,Credit Card,0
739428440,37,Male,Gardening & Outdoors,112.55,0.5,1,0,Credit Card,0
218216398,50,Female,Toys & Games,142.02,4.5,1,0,Cash,2
646417874,33,Female,Packages),481.84,0.5,0,0,Cash,0
534597870,50,Queer,Packages),165.01,2.5,1,0,PayPal,0
362403240,25,Male,Baby Products,56.85,0.5,1,0,Cash,0
549364361,34,Queer,Hotels,182.89,4.5,0,0,PayPal,1
672090990,39,Male,Books,373.01,2.0,0,1,PayPal,0
196670201,41,Male,Home Appliances,220.77,0.5,1,1,Debit Card,0
362745269,27,Male,Hotels,291.09,4.5,1,0,PayPal,0
99483150,23,Queer,Software & Apps,414.06,2.0,1,0,PayPal,0
198739468,37,Male,Animal Feed,408.51,3.5,1,0,Credit Card,0
377484988,21,Male,Furniture,103.4,4.5,1,0,Debit Card,2
87551170,47,Male,Furniture,67.92,4.0,0,1,Cash,2
74027433,42,Queer,Health Supplements,354.16,1.5,1,0,Credit Card,0
600733575,30,Male,Books,276.77,1.0,1,1,Cash,0
972373483,49,Male,Health Care,190.25,4.5,0,0,PayPal,1
936751619,28,Female,Animal Feed,203.49,4.0,0,1,Cash,0
438842577,24,Male,Health Supplements,263.5,4.0,0,0,Debit Card,0
332007615,40,Female,Arts & Crafts,247.3,0.5,1,1,Credit Card,0
636318261,18,Male,Toys & Games,50.71,4.5,1,1,Debit Card,2
340167909,42,Male,Office Supplies,131.85,2.5,1,0,Debit Card,2
823046495,19,Male,Beauty & Personal Care,459.39,2.0,0,0,Credit Card,0
702076999,36,Female,Office Supplies,383.33,1.5,0,0,Credit Card,0
717808195,26,Female,Toys & Games,212.08,4.5,0,0,Credit Card,1
933568589,35,Female,Arts & Crafts,370.73,4.5,0,1,Debit Card,0
921429480,39,Male,Clothing,319.66,5.0,0,0,Debit Card,1
530425685,44,Female,Jewelry & Accessories,373.05,5.0,0,1,Cash,0
358532222,19,Female,Sports & Outdoors,393.78,2.5,1,0,Other,0
836709273,27,Female,Clothing,245.04,3.0,1,1,Other,0
377836086,26,Female,Beauty & Personal Care,111.27,5.0,0,0,PayPal,1
799028144,26,Female,Baby Products,93.29,3.5,1,0,Other,2
410097879,27,Female,Hotels,156.5,1.5,1,0,Other,0
893028461,37,Male,Packages),290.11,2.0,0,0,PayPal,0
230661915,23,Female,Software & Apps,355.28,2.0,1,1,Credit Card,0
390900124,31,Queer,Gardening & Outdoors,73.74,1.5,0,0,Other,1
418540707,21,Female,Sports & Outdoors,170.35,5.0,1,1,Cash,2
43521558,36,Female,Home Appliances,123.7,2.5,0,0,Other,1
938678303,21,Female,Gardening & Outdoors,201.6,2.0,0,0,PayPal,0
310886950,27,Female,Furniture,116.14,4.0,0,1,Credit Card,1
436168365,29,Female,Jewelry & Accessories,483.38,1.5,0,1,Other,0
718769118,24,Male,Health Supplements,418.62,4.5,1,0,Other,0
182630366,33,Female,Books,139.83,0.5,0,0,Cash,0
255021415,38,Female,Arts & Crafts,54.17,1.0,0,1,Credit Card,0
500009588,47,Male,Jewelry & Accessories,437.59,2.0,1,1,Credit Card,0
323385967,32,Male,Hotels,113.57,0.5,0,1,Cash,0
193119149,21,Queer,Packages),305.54,2.5,1,0,Other,0
942127169,23,Female,Food & Beverages,339.12,2.5,0,0,PayPal,0
172466194,45,Queer,Jewelry & Accessories,323.4,4.0,1,1,Credit Card,0
266721285,24,Queer,Clothing,472.61,2.0,1,1,PayPal,0
2650556,20,Female,Furniture,68.02,3.0,1,1,Credit Card,2
763973294,27,Male,Toys & Games,199.44,1.5,0,1,Cash,0
436128079,47,Male,Sports & Outdoors,250.73,5.0,0,1,Cash,2
172132834,34,Male,Clothing,372.49,2.5,1,0,Debit Card,0
362141586,41,Male,Books,186.85,4.0,1,0,Other,2
324141466,26,Male,Sports & Outdoors,73.32,0.5,1,0,Debit Card,0
126996543,49,Male,Clothing,214.59,4.0,1,0,Other,2
834273218,47,Female,Furniture,467.32,2.0,0,1,PayPal,0
616639008,18,Male,Travel & Leisure (Flights,475.65,3.0,1,1,PayPal,0
869177481,48,Female,Animal Feed,161.38,5.0,1,1,Debit Card,2
660862306,19,Male,Baby Products,249.78,0.5,0,0,PayPal,0
436719834,39,Female,Clothing,149.88,5.0,0,0,Debit Card,1
908888726,48,Female,Jewelry & Accessories,347.09,0.5,0,0,Other,0
230850811,43,Female,Health Care,345.49,5.0,1,0,PayPal,0
851929218,31,Female,Health Care,297.24,4.5,1,1,PayPal,0
826717236,28,Female,Home Appliances,494.34,4.0,0,0,Debit Card,0
426743987,29,Queer,Animal Feed,443.52,3.5,1,0,Cash,0
419347739,45,Queer,Jewelry & Accessories,457.18,3.0,1,1,Other,0
488250400,38,Male,Books,407.88,5.0,0,0,Cash,0
301335120,30,Male,Books,448.68,1.5,1,0,Debit Card,0
298278515,40,Female,Electronics,255.96,5.0,0,0,Cash,1
917244633,45,Male,Luxury Goods,146.07,3.0,1,1,Credit Card,2
103285732,44,Female,Health Supplements,311.9,3.0,0,1,Credit Card,0
389121128,38,Female,Gardening & Outdoors,301.6,5.0,0,0,Credit Card,1
77519620,23,Queer,Software & Apps,297.45,3.5,0,0,Debit Card,0
818779170,30,Queer,Sports & Outdoors,157.26,0.5,0,0,Cash,0
198852597,42,Male,Health Supplements,239.46,4.0,1,1,Other,2
823892029,28,Female,Gardening & Outdoors,240.82,1.5,1,0,PayPal,0
974630048,44,Female,Sports & Outdoors,302.07,2.5,1,0,Other,0
915726135,45,Male,Software & Apps,367.99,1.0,0,0,Debit Card,0
102320685,46,Female,Groceries,359.75,3.0,0,0,Other,0
777617475,28,Female,Packages),204.44,1.5,0,1,Debit Card,0
788263039,27,Male,Gardening & Outdoors,228.93,1.0,1,1,PayPal,0
866681045,20,Female,Office Supplies,355.31,1.0,0,1,Debit Card,0
146039698,40,Male,Animal Feed,334.67,2.5,1,0,Debit Card,0
237522213,36,Male,Books,182.72,3.5,0,0,Other,1
714868561,43,Male,Jewelry & Accessories,260.22,2.5,0,1,Credit Card,0
763827162,26,Female,Food & Beverages,454.93,3.5,0,0,Debit Card,0
289474295,29,Male,Beauty & Personal Care,325.42,0.5,1,0,Other,0
847650748,34,Female,Jewelry & Accessories,351.36,3.0,0,1,Other,0
542078349,40,Male,Baby Products,333.63,1.0,0,0,Other,0
204190341,42,Female,Beauty & Personal Care,469.9,3.5,0,0,Cash,0
520059914,28,Male,Mobile Accessories,207.52,4.0,0,0,Debit Card,1
348467805,49,Male,Toys & Games,125.89,3.0,0,0,Debit Card,1
265965461,46,Female,Electronics,170.77,0.5,0,0,Credit Card,0
201578631,44,Female,Electronics,63.91,3.0,0,1,Cash,1
911999097,29,Male,Clothing,340.55,3.5,0,1,Credit Card,0
558462579,47,Male,Software & Apps,378.14,3.0,0,0,PayPal,0
834557266,37,Female,Toys & Games,235.84,1.5,0,0,Cash,0
675999267,47,Male,Arts & Crafts,164.44,5.0,0,0,Other,1
415019276,24,Male,Sports & Outdoors,455.81,3.0,0,0,Debit Card,0
995094653,36,Male,Health Care,298.32,4.0,1,0,Other,0
312845722,36,Female,Hotels,351.71,3.0,1,0,Other,0
880009227,49,Male,Toys & Games,393.48,5.0,1,1,Other,0
527269328,19,Queer,Office Supplies,241.72,4.0,0,1,Debit Card,0
601985417,27,Female,Software & Apps,280.2,3.5,0,0,Other,0
1074749,36,Female,Health Supplements,178.04,5.0,1,1,Credit Card,2
884288409,37,Male,Packages),347.99,0.5,1,0,PayPal,0
213137424,45,Female,Office Supplies,343.81,3.5,0,1,Credit Card,0
799737862,47,Female,Animal Feed,105.29,0.5,0,1,Cash,0
818143498,32,Male,Hotels,483.66,0.5,0,0,Other,0
343758138,48,Male,Home Appliances,69.41,4.5,0,0,Cash,1
50679686,20,Queer,Toys & Games,207.18,2.5,0,0,PayPal,0
619517929,32,Male,Health Supplements,454.15,4.0,1,1,Cash,0
536670793,25,Male,Groceries,113.01,0.5,0,1,Credit Card,0
612121117,42,Male,Packages),419.13,0.5,0,1,Cash,0
94437536,37,Female,Jewelry & Accessories,183.86,2.0,0,1,Debit Card,0
274635671,21,Queer,Packages),53.87,5.0,1,0,Cash,2
533803968,43,Female,Food & Beverages,427.82,1.0,1,0,PayPal,0
429690735,29,Female,Packages),282.82,3.5,0,1,Other,0
124405464,28,Male,Electronics,215.31,4.0,0,1,Other,0
334672534,43,Male,Furniture,183.66,5.0,1,1,Credit Card,2
354180288,48,Female,Baby Products,198.73,2.5,1,0,Other,0
337872143,26,Female,Travel & Leisure (Flights,265.72,4.5,1,1,Debit Card,2
585286262,42,Male,Software & Apps,138.35,1.0,1,1,Other,0
310602716,27,Male,Groceries,441.87,5.0,1,0,PayPal,0
815155823,40,Female,Clothing,178.29,5.0,0,1,Cash,1
908580453,23,Male,Sports & Outdoors,77.08,4.0,1,1,PayPal,2
288748938,46,Male,Office Supplies,266.9,4.0,0,1,PayPal,0
896255542,38,Female,Electronics,269.84,4.5,1,1,Credit Card,2
79668728,23,Male,Home Appliances,334.22,4.0,0,0,Cash,0
944082581,40,Female,Travel & Leisure (Flights,474.56,3.0,1,0,PayPal,0
553019368,34,Male,Electronics,360.91,4.0,1,1,Credit Card,0
723361992,44,Female,Groceries,373.49,5.0,1,1,Cash,0
60082805,32,Female,Sports & Outdoors,462.3,2.0,1,1,Cash,0
771786086,42,Female,Toys & Games,332.67,1.0,0,1,Other,0
288322885,22,Female,Home Appliances,235.39,3.0,0,1,Credit Card,0
752107391,44,Female,Packages),269.78,3.5,1,1,Other,0
604703563,29,Male,Gardening & Outdoors,498.33,4.5,1,1,PayPal,0
242417171,30,Female,Health Supplements,182.94,3.5,1,1,Other,2
537841855,19,Female,Health Supplements,121.7,2.5,1,1,Credit Card,2
835613374,45,Female,Software & Apps,489.27,1.5,0,0,Debit Card,0
961210629,38,Male,Software & Apps,303.93,5.0,1,0,Debit Card,2
2759990,24,Female,Food & Beverages,302.74,3.0,1,1,PayPal,0
365932907,42,Queer,Beauty & Personal Care,157.21,1.5,1,0,Debit Card,0
226923470,46,Female,Sports & Outdoors,159.45,2.5,1,0,Debit Card,0
903227329,44,Female,Luxury Goods,312.93,3.5,1,1,PayPal,0
283959872,38,Male,Hotels,65.68,4.0,0,0,Other,1
792971061,44,Male,Software & Apps,61.86,4.0,0,1,Cash,2
936499356,18,Female,Electronics,343.77,2.0,1,0,Credit Card,0
275437069,37,Male,Home Appliances,107.21,4.5,1,1,Other,2
960799597,31,Queer,Home Appliances,148.98,4.0,1,1,Debit Card,2
389404942,22,Female,Health Care,490.41,1.0,0,1,Other,0
820142564,33,Male,Groceries,461.34,4.5,0,1,Cash,0
706995799,20,Female,Office Supplies,338.89,3.0,1,1,Credit Card,0
532402040,26,Male,Gardening & Outdoors,222.63,1.0,0,1,Cash,0
277422776,26,Male,Toys & Games,71.95,5.0,0,1,Debit Card,2
556207906,21,Male,Software & Apps,264.52,5.0,1,1,Debit Card,2
42134617,43,Male,Food & Beverages,414.8,4.5,0,1,PayPal,0
793847469,50,Male,Groceries,50.79,1.0,1,0,Other,2
308395589,42,Female,Hotels,264.3,1.0,1,1,PayPal,0
768489229,29,Male,Animal Feed,122.46,1.5,0,1,Credit Card,0
985596096,20,Male,Software & Apps,238.01,4.5,0,1,Cash,0
568102066,40,Queer,Home Appliances,490.34,3.5,0,1,Other,0
555807707,38,Male,Jewelry & Accessories,245.98,0.5,0,0,PayPal,0
186050795,45,Queer,Hotels,390.83,2.5,0,1,Cash,0
862682904,49,Male,Jewelry & Accessories,158.84,4.0,1,1,Cash,2
758477630,37,Male,Baby Products,439.24,4.5,0,0,Other,0
769102337,23,Queer,Toys & Games,92.43,4.5,0,1,Other,1
567197145,48,Female,Clothing,333.15,4.0,0,0,Other,1
140252335,19,Male,Luxury Goods,64.22,4.5,1,0,PayPal,2
103008072,46,Female,Home Appliances,290.53,3.0,1,0,Debit Card,0
736982326,39,Male,Baby Products,251.8,4.0,1,1,Debit Card,2
10232094,27,Queer,Sports & Outdoors,480.52,2.5,0,0,Cash,0
653594645,28,Female,Packages),461.71,4.5,0,0,Cash,0
334057978,50,Female,Software & Apps,288.34,4.0,0,0,Cash,1
97837921,19,Female,Gardening & Outdoors,194.08,1.0,1,1,PayPal,0
765612427,27,Queer,Travel & Leisure (Flights,198.45,4.0,1,0,PayPal,2
824673300,23,Male,Baby Products,216.45,3.5,0,0,Credit Card,1
929467398,19,Female,Baby Products,358.72,4.0,1,1,Credit Card,0
598912990,22,Female,Luxury Goods,367.56,4.0,0,0,Other,0
225793978,40,Male,Clothing,88.78,3.5,0,0,PayPal,1
223520576,48,Male,Food & Beverages,465.85,5.0,1,0,PayPal,0
286760614,49,Male,Clothing,262.61,5.0,0,1,Other,2
72119364,45,Queer,Home Appliances,91.24,2.0,1,0,Cash,2
982386733,42,Female,Luxury Goods,425.69,2.0,0,1,Credit Card,0
720063769,41,Female,Packages),446.11,5.0,1,1,PayPal,0
758453143,23,Queer,Software & Apps,490.11,0.5,0,0,Other,0
260282671,44,Female,Sports & Outdoors,403.57,1.0,0,0,Other,0
558767407,42,Female,Packages),442.15,0.5,0,1,Credit Card,0
477209520,49,Female,Sports & Outdoors,78.71,5.0,1,1,PayPal,2
422075005,45,Female,Furniture,491.51,0.5,1,0,PayPal,0
472662261,36,Female,Furniture,457.39,2.5,1,0,Credit Card,0
776427686,38,Female,Food & Beverages,178.61,1.5,1,0,Credit Card,0
374688133,44,Male,Health Care,492.51,1.0,1,1,PayPal,0
3355034,37,Queer,Home Appliances,411.4,4.5,1,0,PayPal,0
951481769,36,Male,Clothing,96.52,1.5,0,0,Cash,1
723241243,34,Male,Mobile Accessories,65.45,1.0,1,1,Credit Card,2
626875354,23,Male,Health Care,255.86,0.5,1,0,PayPal,0
546340814,35,Male,Furniture,74.69,3.0,0,1,PayPal,2
647695737,45,Male,Home Appliances,430.75,2.5,0,0,Cash,0
628922088,38,Male,Software & Apps,370.17,4.5,0,1,Cash,0
539512529,25,Male,Electronics,384.26,4.5,0,1,PayPal,0
2643797,26,Male,Home Appliances,128.01,0.5,1,0,Debit Card,0
884459235,46,Female,Luxury Goods,301.4,2.5,0,1,Debit Card,0
655399955,18,Female,Health Supplements,397.25,5.0,0,1,Cash,0
897301134,46,Male,Gardening & Outdoors,96.18,4.5,0,0,Cash,1
740517865,19,Female,Baby Products,390.44,2.0,1,0,Other,0
404504266,37,Female,Health Care,61.5,0.5,1,1,Other,0
787965651,35,Female,Office Supplies,234.44,0.5,0,1,Other,0
781634800,43,Male,Toys & Games,318.84,2.0,0,1,Other,0
902725701,28,Male,Toys & Games,327.32,2.0,1,1,Other,0
141185229,25,Male,Books,475.64,1.0,1,1,PayPal,0
246622119,47,Male,Hotels,68.59,2.5,0,1,PayPal,2
617948438,45,Queer,Health Care,133.04,3.0,1,1,Cash,2
219595766,24,Queer,Luxury Goods,196.63,3.0,1,0,Other,0
425182602,30,Male,Home Appliances,473.96,4.5,1,0,PayPal,0
358508676,24,Female,Luxury Goods,472.52,4.0,0,1,Cash,0
79582231,27,Female,Baby Products,335.8,3.5,1,0,Debit Card,0
785030416,25,Male,Luxury Goods,85.57,2.0,1,1,Debit Card,2
461677999,44,Queer,Beauty & Personal Care,108.5,1.0,0,0,PayPal,0
939898649,26,Male,Food & Beverages,172.5,4.0,1,0,Credit Card,2
981308811,18,Female,Electronics,212.8,3.5,1,1,Credit Card,0
186142070,47,Female,Baby Products,324.41,2.5,1,1,Debit Card,0
802773242,36,Male,Travel & Leisure (Flights,342.39,1.5,0,0,Other,0
449499040,23,Female,Health Care,446.86,1.0,0,0,PayPal,0
45459162,49,Male,Electronics,463.15,4.5,1,1,Debit Card,0
513202801,27,Female,Groceries,122.99,4.0,1,0,Cash,2
505105119,43,Male,Beauty & Personal Care,322.4,1.5,1,1,Cash,0
639646954,19,Female,Health Care,73.19,4.0,0,1,PayPal,1
555699247,41,Female,Toys & Games,279.08,3.5,0,1,Credit Card,0
29110447,29,Female,Travel & Leisure (Flights,478.85,1.0,0,0,Cash,0
776267240,25,Male,Food & Beverages,86.39,0.5,0,0,Debit Card,0
759159803,45,Male,Baby Products,192.35,0.5,1,0,Credit Card,0
789052660,36,Female,Beauty & Personal Care,235.32,5.0,0,1,PayPal,1
26776735,21,Female,Electronics,212.63,2.0,0,1,Debit Card,0
204609796,47,Female,Food & Beverages,246.63,1.5,1,0,Credit Card,0
575874005,26,Female,Toys & Games,228.47,3.5,0,1,Credit Card,0
994778256,25,Female,Gardening & Outdoors,343.77,4.5,1,1,Cash,0
39923728,26,Queer,Groceries,339.32,2.0,0,0,Other,0
248784507,34,Male,Clothing,327.05,1.5,0,1,Cash,0
221068347,48,Male,Toys & Games,334.45,4.5,1,0,Credit Card,0
814790790,19,Male,Food & Beverages,366.16,2.5,0,0,Credit Card,0
30239932,37,Female,Groceries,481.78,2.0,1,1,Debit Card,0
366322460,23,Female,Gardening & Outdoors,131.48,0.5,1,1,Credit Card,0
327997704,34,Female,Health Care,402.86,1.0,0,0,Cash,0
93690588,42,Male,Gardening & Outdoors,333.18,2.5,1,0,Other,0
877276434,28,Female,Arts & Crafts,73.23,1.0,1,1,Credit Card,0
187939543,28,Male,Furniture,450.47,1.5,1,1,Credit Card,0
636255757,33,Male,Food & Beverages,175.74,3.0,0,1,Cash,0
934134758,31,Female,Hotels,182.6,4.5,0,1,PayPal,1
156637994,20,Female,Jewelry & Accessories,497.8,1.0,1,0,Other,0
293194519,32,Male,Food & Beverages,171.17,2.0,0,1,Debit Card,0
403472903,27,Female,Jewelry & Accessories,425.82,3.0,1,1,Cash,0
184521635,19,Female,Sports & Outdoors,210.58,1.5,1,1,Debit Card,0
477105471,50,Male,Beauty & Personal Care,199.64,2.5,0,1,PayPal,0
881677129,40,Queer,Packages),162.22,0.5,1,1,Other,0
867719082,20,Male,Sports & Outdoors,401.75,4.0,0,1,PayPal,0
466784172,24,Female,Luxury Goods,365.88,4.5,1,0,Other,0
142491256,46,Male,Beauty & Personal Care,58.29,3.5,0,1,Other,2
756171460,50,Male,Health Supplements,66.86,5.0,1,1,Other,2
102470192,29,Female,Groceries,279.34,3.0,0,1,PayPal,0
941209525,34,Queer,Electronics,358.5,1.5,0,1,Cash,0
222349315,44,Female,Jewelry & Accessories,360.92,4.5,0,1,PayPal,0
375607247,38,Queer,Groceries,374.36,4.5,0,0,Other,0
918570797,22,Queer,Baby Products,435.37,1.5,1,1,Credit Card,0
193440102,44,Male,Home Appliances,459.3,2.5,0,1,Other,0
486097715,43,Female,Jewelry & Accessories,426.89,1.5,1,0,PayPal,0
135716506,25,Male,Animal Feed,365.37,2.5,1,1,PayPal,0
470736440,21,Female,Mobile Accessories,487.25,2.0,0,0,Cash,0
503031693,29,Female,Baby Products,187.22,2.0,0,0,Credit Card,0
691579577,41,Male,Toys & Games,396.82,4.5,1,1,Credit Card,0
95134923,38,Queer,Travel & Leisure (Flights,246.74,3.0,0,0,PayPal,0
829758569,26,Male,Luxury Goods,128.74,4.0,0,1,PayPal,2
707747728,41,Female,Toys & Games,339.63,0.5,1,0,PayPal,0
130158097,46,Female,Sports & Outdoors,223.58,3.0,0,0,PayPal,1
683917279,39,Queer,Gardening & Outdoors,446.92,3.0,1,0,PayPal,0
287643337,43,Male,Electronics,175.65,3.5,0,1,Other,2
2859607,44,Queer,Clothing,491.49,3.5,0,0,PayPal,0
48323559,26,Male,Beauty & Personal Care,88.4,2.0,1,0,Cash,2
276135005,29,Male,Office Supplies,430.9,3.0,0,0,Credit Card,0
498253438,50,Male,Mobile Accessories,435.23,1.0,0,1,Cash,0
317839785,19,Female,Toys & Games,218.65,4.5,1,1,Credit Card,2
580598187,27,Male,Health Supplements,207.66,1.0,0,1,Other,0
748826648,34,Female,Arts & Crafts,141.09,1.5,0,1,Debit Card,0
31809200,39,Male,Packages),142.7,2.0,0,1,Credit Card,0
465781425,44,Male,Animal Feed,64.09,3.0,1,0,Credit Card,2
135885783,20,Female,Toys & Games,126.26,3.0,1,0,Debit Card,2
250857917,42,Female,Hotels,195.05,5.0,1,0,Other,2
660851226,22,Female,Groceries,432.84,0.5,0,0,Debit Card,0
370371765,30,Male,Jewelry & Accessories,404.12,2.0,0,0,Debit Card,0
486306410,39,Male,Groceries,438.26,1.5,1,0,Debit Card,0
504710212,19,Female,Jewelry & Accessories,233.02,1.5,0,0,Cash,0
486425768,26,Female,Packages),273.41,4.5,1,0,Other,0
151529751,21,Female,Furniture,338.96,4.5,1,1,Debit Card,0
234519920,37,Male,Luxury Goods,75.91,3.0,1,1,PayPal,2
97754058,23,Male,Mobile Accessories,425.21,2.0,1,1,Other,0
435950966,46,Male,Software & Apps,268.8,3.5,0,0,Debit Card,1
565920089,35,Female,Health Care,170.71,4.5,1,1,Credit Card,2
293741297,33,Queer,Animal Feed,444.05,4.0,1,1,PayPal,0
807286133,47,Male,Gardening & Outdoors,255.1,0.5,1,0,PayPal,0
585027490,32,Male,Health Supplements,236.44,1.0,0,0,PayPal,0
235370742,20,Male,Furniture,201.69,4.0,1,0,Other,2
224833115,37,Female,Arts & Crafts,390.51,1.0,0,0,Cash,0
573725969,35,Queer,Clothing,442.29,1.0,0,0,PayPal,0
372839076,18,Female,Furniture,89.6,2.5,0,0,Cash,1
390753518,27,Male,Sports & Outdoors,166.74,3.0,0,0,Other,1
843157189,29,Female,Mobile Accessories,299.28,4.5,0,0,Debit Card,1
759645589,24,Male,Sports & Outdoors,404.57,3.5,0,1,Debit Card,0
65943417,27,Male,Software & Apps,344.81,4.5,1,1,Other,0
82973351,34,Male,Health Care,217.84,4.0,1,1,Cash,2
55465128,21,Male,Sports & Outdoors,445.34,1.5,1,1,Cash,0
797596726,18,Male,Home Appliances,151.73,1.5,0,1,Other,0
128511771,50,Queer,Electronics,123.73,2.5,0,1,Credit Card,0
799601714,31,Male,Travel & Leisure (Flights,370.54,4.5,1,0,Credit Card,0
304176981,45,Male,Baby Products,152.87,4.0,0,0,Debit Card,1
915325399,29,Male,Health Supplements,295.75,5.0,1,1,Credit Card,2
899979041,36,Male,Office Supplies,358.11,1.5,0,0,Credit Card,0
262356745,27,Female,Jewelry & Accessories,63.6,0.5,0,1,PayPal,0
990809462,24,Male,Books,419.53,5.0,0,0,Other,0
870568987,49,Queer,Groceries,491.92,0.5,0,0,Credit Card,0
61608063,21,Queer,Sports & Outdoors,114.44,4.5,0,0,Credit Card,1
734342308,19,Female,Mobile Accessories,388.82,4.0,0,0,Other,0
842606464,23,Female,Mobile Accessories,58.32,3.0,1,1,PayPal,2
1494481,28,Female,Groceries,464.76,1.5,0,1,Debit Card,0
57106109,27,Female,Home Appliances,116.92,1.5,1,0,Debit Card,0
847248407,47,Female,Jewelry & Accessories,396.76,2.0,1,1,Cash,0
457951873,20,Queer,Packages),393.35,2.0,1,1,Credit Card,0
66473248,26,Female,Electronics,114.03,5.0,1,1,Credit Card,2
67675206,49,Male,Health Supplements,109.97,2.5,1,0,Credit Card,2
942884423,39,Female,Beauty & Personal Care,310.23,3.0,1,0,PayPal,0
498919711,22,Male,Travel & Leisure (Flights,383.13,3.0,0,0,Cash,0
88060588,25,Male,Health Supplements,434.86,2.0,1,0,Other,0
947462001,30,Female,Office Supplies,489.1,2.0,1,0,Credit Card,0
389435744,19,Queer,Jewelry & Accessories,288.15,2.0,1,0,Cash,0
985358497,35,Male,Clothing,105.87,0.5,0,0,Cash,0
332438793,45,Male,Luxury Goods,163.4,5.0,1,0,Cash,2
995815577,20,Male,Gardening & Outdoors,422.92,3.0,0,1,Debit Card,0
641802404,48,Male,Gardening & Outdoors,361.48,4.5,1,1,Cash,0
730970986,23,Male,Hotels,270.82,4.0,1,0,Other,0
880510567,49,Female,Toys & Games,372.26,4.0,0,1,PayPal,0
447159594,23,Female,Electronics,208.59,2.0,1,0,PayPal,0
841886577,39,Male,Gardening & Outdoors,163.22,1.5,0,1,PayPal,0
191164723,45,Male,Animal Feed,364.98,0.5,1,0,Cash,0
217839242,31,Queer,Groceries,142.43,4.5,1,0,PayPal,2
955282313,19,Female,Electronics,449.72,4.5,1,1,Other,0
946824886,27,Male,Gardening & Outdoors,241.56,2.5,1,0,PayPal,0
559449669,32,Queer,Clothing,249.73,2.0,1,0,Cash,0
323142958,24,Male,Home Appliances,437.3,3.5,1,1,Cash,0
676972331,22,Male,Groceries,277.29,4.0,1,1,Credit Card,0
288551639,46,Male,Electronics,445.93,2.0,0,1,Debit Card,0
380698615,37,Female,Software & Apps,242.79,3.5,1,0,Other,0
582335963,34,Male,Travel & Leisure (Flights,393.09,1.5,0,1,Cash,0
20040620,32,Male,Groceries,167.61,1.0,1,0,Other,0
788229328,44,Male,Gardening & Outdoors,324.22,3.0,0,0,PayPal,0
733591998,24,Female,Mobile Accessories,159.3,3.0,0,1,PayPal,0
844597736,22,Queer,Luxury Goods,324.39,3.0,1,0,PayPal,0
73955818,37,Queer,Clothing,198.89,2.0,0,0,Credit Card,0
75606637,41,Female,Clothing,287.18,0.5,1,0,Debit Card,0
619261691,32,Male,Office Supplies,162.24,3.0,0,0,PayPal,1
681291060,37,Female,Arts & Crafts,92.97,3.5,0,1,Other,1
40525592,41,Male,Food & Beverages,144.39,2.0,1,1,Cash,2
412156092,37,Female,Books,253.37,4.5,0,1,Credit Card,0
898337175,43,Male,Animal Feed,209.62,3.5,1,0,Other,2
81179893,49,Male,Baby Products,411.62,3.5,1,0,PayPal,0
241092173,27,Female,Food & Beverages,388.01,1.0,0,1,PayPal,0
799392140,41,Male,Health Care,50.78,4.0,0,1,Debit Card,2
959990984,33,Male,Packages),159.82,4.0,1,1,Cash,2
647993174,46,Male,Travel & Leisure (Flights,79.43,3.5,0,0,PayPal,1
270182262,42,Female,Travel & Leisure (Flights,131.36,3.0,0,0,Debit Card,1
388810766,27,Male,Beauty & Personal Care,299.75,2.0,0,1,Credit Card,0
173448603,29,Male,Animal Feed,319.38,3.0,1,1,PayPal,0
513879144,38,Male,Electronics,476.48,5.0,0,1,PayPal,0
421018525,21,Male,Gardening & Outdoors,301.01,4.0,0,1,Other,0
691576752,18,Male,Electronics,378.71,2.5,1,1,Other,0
278435553,44,Queer,Mobile Accessories,314.32,2.5,1,0,Credit Card,0
44685487,22,Male,Office Supplies,210.9,0.5,0,0,Debit Card,0
85848296,18,Female,Food & Beverages,218.26,4.0,0,0,Debit Card,1
810144502,24,Female,Animal Feed,424.18,2.0,0,1,Debit Card,0
651679819,28,Male,Luxury Goods,430.75,4.0,1,0,Credit Card,0
199252376,24,Male,Mobile Accessories,162.95,4.0,0,1,Cash,2
36697519,40,Female,Health Supplements,209.68,0.5,0,1,Other,0
5204376,50,Male,Beauty & Personal Care,97.97,5.0,1,0,Credit Card,2
627011037,49,Male,Books,192.51,1.0,1,0,Credit Card,0
878064478,35,Male,Electronics,151.81,5.0,0,0,Debit Card,1
48098989,25,Female,Furniture,239.28,2.5,0,1,Other,0
398671989,40,Female,Mobile Accessories,306.17,3.0,0,1,PayPal,0
455847333,40,Female,Electronics,370.38,0.5,1,1,Other,0
858856579,50,Male,Arts & Crafts,346.58,4.5,0,0,Other,1
654572840,24,Male,Software & Apps,292.64,5.0,1,0,Credit Card,0
827261255,30,Female,Travel & Leisure (Flights,102.91,5.0,1,0,PayPal,2
906023583,32,Female,Home Appliances,283.78,3.0,1,0,Debit Card,0
27111034,48,Female,Beauty & Personal Care,51.44,0.5,1,0,Other,0
273477437,44,Female,Luxury Goods,405.7,5.0,1,1,Credit Card,0
956757816,19,Female,Groceries,311.74,5.0,1,0,PayPal,0
874181400,39,Male,Clothing,293.43,2.5,0,1,Cash,0
739910066,35,Female,Baby Products,418.51,1.0,0,1,Credit Card,0
622738089,39,Male,Health Care,85.03,4.5,1,1,Credit Card,2
512203072,31,Male,Mobile Accessories,164.94,1.0,1,1,PayPal,0
176480171,38,Female,Groceries,89.32,1.5,1,0,Other,0
119759054,33,Male,Clothing,388.26,3.5,0,0,Credit Card,0
755182831,33,Male,Jewelry & Accessories,106.69,5.0,0,1,PayPal,2
132979777,42,Queer,Packages),301.16,4.5,0,0,Cash,1
816047906,49,Male,Hotels,61.71,3.5,0,0,Cash,1
875180375,46,Queer,Sports & Outdoors,83.33,3.0,1,1,Debit Card,2
534372629,42,Male,Books,411.81,0.5,1,1,Cash,0
466810764,44,Female,Luxury Goods,114.93,2.0,1,1,Other,2
439906454,33,Female,Jewelry & Accessories,438.42,2.0,1,0,Cash,0
555703804,36,Male,Luxury Goods,189.97,1.5,1,0,Credit Card,0
290674901,35,Male,Health Supplements,227.03,5.0,1,1,PayPal,2
939576269,26,Male,Home Appliances,278.49,2.5,1,1,Credit Card,0
812256647,43,Female,Animal Feed,120.56,3.5,0,0,Debit Card,1
647067841,25,Male,Gardening & Outdoors,320.94,5.0,0,0,Cash,1
471789529,37,Female,Jewelry & Accessories,217.72,2.0,0,1,Debit Card,0
638083641,25,Male,Home Appliances,222.61,0.5,0,1,PayPal,0
857388909,40,Female,Beauty & Personal Care,102.73,2.5,0,0,Debit Card,1
402241057,40,Female,Sports & Outdoors,426.87,2.0,0,0,Debit Card,0
248531635,20,Female,Jewelry & Accessories,473.28,4.5,0,0,Cash,0
616271822,39,Male,Jewelry & Accessories,446.03,3.5,1,1,Other,0
893925002,19,Female,Arts & Crafts,287.95,3.5,1,1,PayPal,0
715736085,31,Female,Luxury Goods,132.52,5.0,1,1,Debit Card,2
918103612,36,Female,Sports & Outdoors,379.2,1.0,1,1,Debit Card,0
73230255,31,Queer,Groceries,447.53,3.0,1,1,PayPal,0
810545343,45,Female,Office Supplies,138.44,1.0,0,1,Cash,0
148549545,45,Queer,Home Appliances,440.62,1.5,1,1,Debit Card,0
521504629,23,Female,Sports & Outdoors,145.98,2.5,0,0,Other,1
489184473,28,Male,Software & Apps,405.66,1.5,1,0,Cash,0
67645496,26,Female,Clothing,419.98,5.0,1,1,PayPal,0
670364295,50,Female,Arts & Crafts,260.14,3.5,1,1,Other,0
358809374,36,Female,Arts & Crafts,368.91,5.0,0,0,Debit Card,0
86146177,32,Male,Home Appliances,100.32,0.5,0,1,Credit Card,0
358790014,34,Male,Food & Beverages,107.82,5.0,0,1,Credit Card,2
915702695,50,Male,Baby Products,83.88,3.0,1,1,Other,2
541933526,24,Female,Travel & Leisure (Flights,81.25,4.0,1,1,Cash,2
552377991,49,Male,Home Appliances,125.8,4.0,0,1,PayPal,2
905697391,18,Female,Health Supplements,197.9,2.0,1,1,Debit Card,0
883958741,44,Male,Travel & Leisure (Flights,299.09,3.5,0,0,Debit Card,0
66380433,41,Male,Travel & Leisure (Flights,79.3,2.0,0,0,Debit Card,1
842087045,33,Male,Books,55.73,1.5,0,1,PayPal,0
715680867,46,Male,Software & Apps,256.44,3.0,0,0,Other,0
189251867,23,Female,Toys & Games,337.21,4.5,1,1,Debit Card,0
693941424,35,Female,Software & Apps,494.97,2.5,0,0,Debit Card,0
916958237,31,Female,Arts & Crafts,238.58,4.5,1,1,PayPal,2
684580904,20,Female,Sports & Outdoors,131.9,2.0,1,1,Credit Card,0
288625550,49,Female,Food & Beverages,403.03,0.5,1,1,Other,0
856667449,26,Female,Health Supplements,338.6,1.5,0,0,Other,0
309877421,36,Male,Furniture,365.38,4.5,0,0,Cash,0
391076852,21,Male,Sports & Outdoors,433.99,1.0,0,0,Credit Card,0
854676564,35,Female,Health Care,495.95,3.5,0,0,Other,0
826929306,41,Male,Baby Products,356.22,3.5,0,1,Credit Card,0
185938611,22,Queer,Health Supplements,156.4,3.5,0,1,Credit Card,0
930930556,42,Male,Sports & Outdoors,454.36,4.0,1,0,Cash,0
590805779,50,Male,Software & Apps,486.07,3.0,0,0,Credit Card,0
649152968,30,Female,Packages),427.86,3.0,1,1,Debit Card,0
944953402,49,Female,Beauty & Personal Care,235.13,1.5,1,0,Other,0
844586432,40,Female,Groceries,361.27,2.5,1,0,Credit Card,0
464523822,38,Female,Furniture,195.83,3.5,1,0,Debit Card,2
548775699,21,Male,Sports & Outdoors,340.31,2.5,0,1,Other,0
151464456,40,Male,Animal Feed,489.67,2.5,0,0,Debit Card,0
766202994,26,Male,Mobile Accessories,482.5,0.5,1,1,Cash,0
608343348,32,Female,Jewelry & Accessories,433.14,1.5,0,0,Debit Card,0
777425663,47,Female,Jewelry & Accessories,375.7,5.0,1,0,Other,0
51670833,21,Male,Travel & Leisure (Flights,381.3,2.0,0,0,Credit Card,0
861829556,34,Male,Electronics,210.21,5.0,0,1,PayPal,2
144152802,29,Male,Health Supplements,408.81,1.5,0,1,Debit Card,0
494699163,20,Female,Jewelry & Accessories,118.65,1.0,1,1,Credit Card,0
679376624,50,Male,Software & Apps,166.45,0.5,1,0,Cash,0
917619492,29,Female,Travel & Leisure (Flights,385.32,0.5,1,1,PayPal,0
191847665,25,Queer,Mobile Accessories,293.99,3.5,0,1,Credit Card,0
193839741,37,Male,Toys & Games,161.41,4.0,1,0,PayPal,2
156254047,39,Male,Groceries,130.92,1.0,1,1,Cash,0
818204735,48,Female,Toys & Games,468.6,3.0,0,1,PayPal,0
714366908,47,Male,Toys & Games,237.57,1.5,1,1,Cash,0
731455784,50,Female,Furniture,395.18,2.5,1,1,Other,0
506371630,42,Queer,Electronics,427.94,1.0,0,0,Other,0
449387475,28,Female,Hotels,81.23,5.0,0,1,Cash,1
552793045,23,Male,Hotels,257.43,3.5,1,1,Other,0
599973903,42,Male,Arts & Crafts,305.73,4.0,1,0,Cash,0
120299344,32,Male,Toys & Games,249.82,3.0,1,0,PayPal,0
411302570,33,Male,Animal Feed,332.79,0.5,0,0,PayPal,0
252857453,32,Male,Arts & Crafts,78.9,0.5,0,1,Debit Card,0
472258686,29,Male,Health Care,122.55,1.5,0,0,Credit Card,0
335194214,25,Queer,Mobile Accessories,307.61,4.5,1,1,PayPal,0
39912098,41,Female,Software & Apps,152.33,3.0,0,1,Debit Card,0
307358744,24,Female,Mobile Accessories,465.07,1.0,0,0,Cash,0
138485757,32,Female,Sports & Outdoors,498.23,3.5,1,0,Other,0
213002001,41,Female,Luxury Goods,491.18,3.0,0,0,Cash,0
385871781,18,Male,Health Care,149.42,3.0,1,0,Cash,2
665571474,25,Male,Furniture,82.13,3.0,1,1,Debit Card,2
34228710,49,Male,Sports & Outdoors,425.18,4.0,1,0,PayPal,0
397318532,39,Male,Arts & Crafts,176.12,5.0,1,1,Credit Card,2
808303184,47,Female,Jewelry & Accessories,70.3,4.0,1,1,Cash,2
975058416,43,Male,Luxury Goods,319.39,5.0,0,1,Credit Card,0
985854742,38,Female,Home Appliances,113.51,1.0,1,1,Credit Card,0
513029537,40,Female,Animal Feed,492.74,1.5,1,0,Other,0
883132633,33,Male,Furniture,143.8,3.5,1,0,Debit Card,2
612860069,18,Queer,Arts & Crafts,158.54,3.5,0,0,Debit Card,1
359070586,39,Female,Furniture,213.39,2.5,0,1,Cash,0
305221574,31,Male,Health Supplements,127.18,1.0,0,0,Debit Card,0
437158777,27,Male,Luxury Goods,476.63,1.0,1,0,Debit Card,0
946924313,31,Female,Animal Feed,56.02,3.0,0,1,PayPal,1
969154091,36,Female,Electronics,398.97,1.5,0,0,Debit Card,0
670735578,27,Female,Groceries,53.45,4.5,0,0,Debit Card,1
270109462,21,Queer,Groceries,61.19,3.0,1,1,PayPal,2
196894556,50,Female,Luxury Goods,471.31,4.0,0,1,Other,0
531436147,49,Female,Health Care,179.19,3.5,0,0,PayPal,1
27257664,43,Female,Food & Beverages,294.61,1.0,0,1,PayPal,0
544394748,35,Queer,Health Care,375.45,4.0,0,1,Other,0
669499895,21,Male,Electronics,83.5,3.5,1,1,Cash,2
206481010,34,Male,Home Appliances,109.88,1.5,0,1,Credit Card,0
799395393,21,Female,Office Supplies,182.54,0.5,0,0,Cash,0
892498369,23,Female,Furniture,465.48,4.0,0,0,Cash,0
853661482,31,Female,Health Care,224.52,2.5,1,0,Credit Card,0
348747357,21,Male,Beauty & Personal Care,281.37,1.0,0,1,Debit Card,0
118205039,22,Female,Office Supplies,125.68,4.0,1,0,Debit Card,2
738461423,38,Female,Beauty & Personal Care,178.21,4.0,0,0,PayPal,1
903638040,27,Male,Health Care,483.23,2.5,1,0,PayPal,0
655331660,18,Male,Home Appliances,415.3,4.5,0,1,PayPal,0
983768787,36,Male,Electronics,85.52,1.5,0,1,Other,0
189389896,44,Female,Packages),422.31,3.0,1,1,Other,0
48297037,48,Queer,Arts & Crafts,70.42,3.5,0,1,Other,1
934550576,23,Female,Toys & Games,437.4,2.5,0,0,Credit Card,0
846379188,35,Male,Jewelry & Accessories,207.11,0.5,1,0,Other,0
811117832,50,Female,Animal Feed,378.87,1.0,1,0,Debit Card,0
774018183,30,Female,Baby Products,349.0,2.5,0,1,PayPal,0
14848220,38,Male,Hotels,330.27,4.5,1,0,Other,0
111210709,42,Male,Health Supplements,410.29,2.0,1,0,Credit Card,0
366490081,24,Female,Hotels,400.86,3.5,1,0,Credit Card,0
611768712,27,Female,Beauty & Personal Care,225.12,0.5,1,0,Cash,0
755262611,36,Female,Beauty & Personal Care,273.48,2.5,1,0,Other,0
723391854,19,Queer,Furniture,363.84,1.5,1,0,Cash,0
803606324,24,Female,Packages),302.6,5.0,0,1,Debit Card,0
245914327,35,Male,Animal Feed,317.09,1.0,1,0,Other,0
584878848,38,Female,Beauty & Personal Care,193.32,4.0,0,1,PayPal,0
614533503,34,Male,Software & Apps,282.24,3.5,1,1,Credit Card,0
636807694,29,Female,Hotels,154.19,0.5,1,1,PayPal,0
514317150,41,Female,Furniture,84.15,0.5,1,1,PayPal,0
230399347,41,Male,Health Supplements,214.69,3.5,1,1,Credit Card,2
188326916,32,Male,Animal Feed,61.21,2.5,1,0,Credit Card,2
294388126,36,Female,Packages),462.48,1.0,0,0,Debit Card,0
682011633,33,Male,Software & Apps,449.18,4.0,1,1,Credit Card,0
73142945,25,Female,Mobile Accessories,314.36,2.0,1,0,Cash,0
644906975,46,Female,Jewelry & Accessories,367.7,1.5,1,1,Credit Card,0
917893191,41,Female,Sports & Outdoors,229.97,4.5,0,1,Other,1
837149649,28,Female,Home Appliances,226.53,5.0,1,0,PayPal,2
332034230,23,Male,Software & Apps,218.32,3.5,0,0,PayPal,1
909182833,48,Female,Furniture,132.67,1.5,1,0,Other,0
534091176,26,Male,Arts & Crafts,416.96,0.5,0,0,Other,0
524913386,39,Female,Arts & Crafts,459.51,2.5,1,0,Debit Card,0
108703357,45,Male,Sports & Outdoors,487.96,1.0,1,1,PayPal,0
418167753,22,Male,Toys & Games,150.11,1.5,1,0,Credit Card,0
682965978,36,Male,Hotels,218.87,2.0,1,0,Cash,0
38749055,29,Female,Mobile Accessories,437.06,3.0,0,0,Cash,0
281238406,33,Male,Beauty & Personal Care,122.58,2.5,1,0,Other,2
10892223,35,Male,Food & Beverages,195.07,3.0,0,0,Debit Card,1
237581012,39,Female,Books,190.06,1.0,1,1,Other,0
347888387,38,Female,Groceries,485.76,2.0,1,1,Debit Card,0
538659342,27,Female,Books,242.57,5.0,1,0,PayPal,2
790528470,35,Male,Arts & Crafts,303.13,3.5,0,1,Debit Card,0
863597320,43,Female,Toys & Games,136.1,1.0,0,1,Debit Card,0
271112242,40,Queer,Electronics,249.02,0.5,1,1,PayPal,0
845380238,19,Male,Office Supplies,466.74,1.5,1,1,Debit Card,0
46602742,46,Queer,Animal Feed,229.3,3.0,0,0,Other,1
964969833,30,Female,Packages),450.52,3.0,1,1,PayPal,0
276726081,35,Male,Groceries,246.44,1.5,0,1,Debit Card,0
660330540,34,Male,Home Appliances,93.52,1.0,0,1,PayPal,0
996439845,28,Female,Groceries,137.75,0.5,0,1,Cash,0
275719402,44,Female,Home Appliances,78.64,1.5,1,0,PayPal,2
104305821,25,Male,Software & Apps,214.82,4.5,1,0,Other,2
368357445,45,Male,Mobile Accessories,57.39,5.0,0,0,Credit Card,1
416024042,47,Female,Beauty & Personal Care,363.91,1.0,1,1,Cash,0
637436962,39,Male,Travel & Leisure (Flights,304.79,4.5,1,1,Other,2
667729922,32,Male,Jewelry & Accessories,363.98,3.5,1,1,PayPal,0
232465927,47,Male,Books,249.6,3.5,1,0,Debit Card,0
740227557,19,Male,Electronics,345.04,4.0,1,1,Credit Card,0
782145658,48,Female,Arts & Crafts,59.15,0.5,0,0,Debit Card,1
252868786,27,Male,Home Appliances,461.81,4.0,1,0,Other,0
559559889,31,Female,Health Care,280.88,1.0,1,1,Credit Card,0
342373943,44,Male,Luxury Goods,283.7,1.5,0,0,Cash,0
193869088,24,Female,Luxury Goods,411.95,2.0,1,1,PayPal,0
165832801,32,Female,Gardening & Outdoors,476.11,5.0,1,0,Debit Card,0
837525439,28,Female,Gardening & Outdoors,399.24,1.0,0,0,Debit Card,0
254852023,26,Male,Jewelry & Accessories,90.79,1.0,0,0,Other,1
908227664,38,Female,Animal Feed,229.56,4.5,1,1,PayPal,2
220396819,28,Female,Sports & Outdoors,160.47,1.5,1,0,Debit Card,0
503951941,30,Queer,Software & Apps,104.74,2.0,0,0,PayPal,1
997719310,37,Female,Food & Beverages,399.95,1.0,1,0,Cash,0
185180140,47,Female,Baby Products,337.33,2.5,0,0,Debit Card,0
570008646,41,Female,Jewelry & Accessories,204.83,2.5,1,0,Debit Card,0
819269297,22,Female,Packages),193.94,1.5,0,0,Other,0
530702625,46,Male,Mobile Accessories,460.37,3.5,1,1,Credit Card,0
632177638,34,Queer,Arts & Crafts,297.29,4.5,1,1,Cash,0
641206212,31,Male,Books,389.47,4.5,1,1,Credit Card,0
14043425,38,Male,Home Appliances,370.05,5.0,1,1,Cash,0
689716148,45,Male,Jewelry & Accessories,462.24,0.5,1,1,Other,0
220534627,30,Female,Food & Beverages,472.53,3.5,0,0,Debit Card,0
92580424,45,Female,Home Appliances,407.29,2.5,0,0,Other,0
567829001,18,Male,Mobile Accessories,135.65,4.5,0,0,Other,1
55067216,36,Male,Animal Feed,352.35,0.5,0,0,Credit Card,0
473569730,25,Female,Books,441.73,4.0,1,0,Credit Card,0
428986421,21,Female,Luxury Goods,105.95,3.5,0,0,Cash,1
173648685,26,Male,Groceries,351.54,4.0,1,0,PayPal,0
136189438,40,Male,Home Appliances,321.26,3.0,0,0,Debit Card,0
324572982,47,Female,Animal Feed,421.5,4.0,1,1,PayPal,0
433862489,27,Queer,Food & Beverages,253.29,2.0,1,0,PayPal,0
674382378,29,Female,Jewelry & Accessories,217.62,1.5,0,1,PayPal,0
654311264,21,Male,Books,226.04,4.5,1,0,PayPal,2
733678478,41,Queer,Packages),52.79,3.5,1,1,Debit Card,2
841628799,43,Male,Jewelry & Accessories,385.08,0.5,0,1,Debit Card,0
515469992,33,Male,Hotels,181.1,3.5,0,0,Credit Card,1
891893295,23,Female,Office Supplies,246.41,4.0,1,0,Cash,0
457767217,37,Female,Baby Products,140.87,3.5,1,0,Other,2
713545174,34,Female,Software & Apps,151.25,4.0,1,0,Debit Card,2
59756985,27,Male,Hotels,171.52,4.5,1,1,Cash,2
428592475,40,Male,Sports & Outdoors,399.56,2.0,1,1,Cash,0
340941923,40,Female,Sports & Outdoors,173.46,4.5,0,1,PayPal,1
577978139,43,Male,Toys & Games,332.14,1.0,1,1,PayPal,0
210488669,37,Queer,Food & Beverages,247.05,4.0,0,0,Cash,1
300388752,49,Male,Office Supplies,365.88,0.5,0,0,PayPal,0
62377338,27,Female,Toys & Games,354.92,0.5,1,1,Debit Card,0
718175422,19,Female,Jewelry & Accessories,195.46,5.0,1,0,Other,2
685120568,40,Female,Books,474.03,3.0,1,1,Other,0
186339387,27,Male,Animal Feed,106.96,3.5,1,1,Debit Card,2
89774418,29,Female,Electronics,371.84,3.0,0,1,Other,0
977388095,45,Queer,Health Supplements,461.16,1.5,1,1,Other,0
154211255,24,Female,Books,497.75,0.5,1,0,Cash,0
921424328,45,Female,Health Care,492.83,2.0,1,0,Debit Card,0
63576548,39,Female,Groceries,295.54,2.0,0,0,Cash,0
592614453,40,Male,Furniture,494.81,3.5,1,1,PayPal,0
356443184,21,Female,Mobile Accessories,160.25,2.5,1,1,PayPal,0
305289105,42,Female,Gardening & Outdoors,198.36,4.5,0,1,Cash,1
147098547,44,Female,Furniture,82.39,4.0,0,0,Other,1
805089866,46,Female,Hotels,290.56,0.5,1,0,PayPal,0
271000661,29,Male,Animal Feed,206.79,1.0,0,0,Credit Card,0
684887343,19,Female,Baby Products,401.43,3.0,1,1,Other,0
633041852,21,Male,Sports & Outdoors,188.17,2.5,1,0,Debit Card,0
538435619,38,Female,Gardening & Outdoors,83.21,2.0,0,0,Other,1
447867696,41,Queer,Gardening & Outdoors,54.74,2.0,1,1,PayPal,2
456314619,49,Female,Office Supplies,371.12,3.5,0,1,PayPal,0
118501953,32,Queer,Packages),293.64,4.0,1,0,Credit Card,0
204212544,24,Male,Books,185.83,4.5,0,1,Other,2
371008709,27,Male,Office Supplies,117.13,5.0,1,1,Credit Card,2
783615100,44,Female,Office Supplies,52.24,2.0,1,1,Credit Card,2
676765945,28,Female,Baby Products,446.69,2.5,0,1,Cash,0
676395838,23,Male,Packages),216.84,0.5,0,0,PayPal,0
514151931,42,Female,Electronics,75.27,1.5,1,1,PayPal,2
967643843,20,Male,Office Supplies,308.87,1.0,1,1,Cash,0
167302056,49,Male,Travel & Leisure (Flights,169.77,4.5,1,1,Other,2
221572494,19,Male,Toys & Games,289.08,5.0,1,1,Other,2
293416463,38,Female,Travel & Leisure (Flights,74.09,4.5,1,1,Other,2
649064475,43,Male,Travel & Leisure (Flights,201.53,3.0,0,1,Other,0
363408494,38,Male,Arts & Crafts,244.6,3.0,0,0,Other,0
770314898,21,Male,Software & Apps,320.5,4.5,1,0,Cash,0
860979642,27,Male,Jewelry & Accessories,91.63,5.0,1,1,Debit Card,2
640903433,35,Male,Sports & Outdoors,251.93,1.5,0,0,Debit Card,0
961401936,30,Male,Luxury Goods,477.35,1.0,0,0,PayPal,0
388306976,31,Male,Baby Products,86.63,1.0,1,0,Cash,0
828641154,50,Queer,Health Care,474.42,4.5,1,0,Debit Card,0
797116779,34,Female,Gardening & Outdoors,429.24,0.5,0,0,Debit Card,0
228609860,24,Female,Home Appliances,470.38,1.5,1,1,Other,0
725906161,32,Female,Gardening & Outdoors,495.8,3.5,1,1,PayPal,0
762135806,21,Female,Electronics,129.64,1.5,0,1,Debit Card,0
668945431,41,Male,Mobile Accessories,473.77,4.5,0,0,PayPal,0
209393906,40,Female,Electronics,130.84,5.0,1,1,PayPal,2
863909555,48,Male,Groceries,436.54,4.0,1,0,Debit Card,0
916020761,25,Female,Animal Feed,264.01,2.5,1,0,Other,0
629747965,30,Female,Travel & Leisure (Flights,58.27,2.0,0,1,Cash,0
212321397,25,Male,Sports & Outdoors,190.76,1.5,0,0,Other,0
313644144,40,Female,Animal Feed,105.76,4.0,0,0,Credit Card,1
999457193,24,Female,Hotels,254.29,3.5,0,0,Cash,0
910533261,49,Male,Sports & Outdoors,435.52,1.0,1,0,Debit Card,0
504475171,50,Female,Office Supplies,235.49,3.0,1,0,Cash,0
897547244,45,Male,Mobile Accessories,161.34,4.0,1,0,Credit Card,2
560727011,19,Male,Mobile Accessories,167.67,3.0,0,1,Credit Card,0
742813421,50,Female,Food & Beverages,96.68,1.5,1,0,Credit Card,0
860682133,32,Male,Gardening & Outdoors,234.58,3.0,1,0,PayPal,0
31020288,21,Male,Furniture,156.48,2.5,0,1,Other,0
740331145,27,Queer,Jewelry & Accessories,489.66,3.0,1,0,Other,0
242726205,39,Queer,Packages),161.85,2.0,1,0,Other,0
901701951,34,Male,Electronics,204.47,4.5,1,1,Credit Card,2
732598940,34,Female,Hotels,315.03,3.0,1,0,PayPal,0
777965786,42,Male,Furniture,330.36,2.0,1,1,Other,0
239491954,42,Male,Toys & Games,456.83,4.5,0,0,Credit Card,0
513137293,31,Male,Jewelry & Accessories,236.05,2.0,0,1,Other,0
627979254,35,Female,Home Appliances,289.28,3.5,0,1,PayPal,0
279414995,27,Female,Packages),483.77,2.5,0,0,Credit Card,0
17992615,45,Male,Furniture,64.5,3.5,1,0,Credit Card,2
821330444,43,Male,Groceries,436.57,5.0,0,0,Debit Card,0
439209499,35,Queer,Food & Beverages,364.48,2.5,0,0,Other,0
175519779,33,Female,Beauty & Personal Care,221.88,3.0,1,0,Other,0
490372300,31,Female,Clothing,278.21,3.5,1,0,Other,0
958769757,31,Female,Health Supplements,344.43,2.0,1,0,Credit Card,0
479474888,26,Male,Baby Products,326.08,3.0,1,1,PayPal,0
830032165,49,Male,Gardening & Outdoors,437.97,3.5,1,1,Debit Card,0
276199264,23,Male,Packages),391.87,1.0,1,0,Cash,0
494761729,42,Male,Travel & Leisure (Flights,333.41,3.0,0,0,PayPal,0
648037087,32,Male,Groceries,251.54,5.0,1,0,PayPal,2
19254021,37,Female,Electronics,292.08,4.5,0,0,Credit Card,1
511165937,25,Queer,Travel & Leisure (Flights,204.29,0.5,0,0,PayPal,0
724542741,49,Male,Packages),258.68,4.5,0,0,Credit Card,1
964841000,26,Male,Gardening & Outdoors,258.02,2.0,1,1,PayPal,0
78343350,29,Female,Gardening & Outdoors,181.87,2.0,0,1,Debit Card,0
118025604,26,Male,Groceries,81.18,1.5,0,0,Cash,1
417504105,23,Female,Books,382.94,3.0,0,0,Debit Card,0
314918457,47,Female,Beauty & Personal Care,402.82,1.0,0,0,Debit Card,0
862579581,30,Male,Gardening & Outdoors,497.76,1.5,1,1,Credit Card,0
229816595,26,Female,Furniture,227.58,0.5,1,0,Credit Card,0
540025845,35,Female,Electronics,263.57,4.5,1,1,PayPal,2
319277787,40,Male,Baby Products,422.09,4.5,1,0,PayPal,0
460989737,35,Male,Gardening & Outdoors,411.83,1.5,1,1,PayPal,0
270177173,21,Male,Software & Apps,242.65,4.0,0,1,Cash,0
531029949,41,Male,Sports & Outdoors,298.93,0.5,1,1,PayPal,0
26769312,44,Female,Mobile Accessories,191.21,3.0,0,0,Debit Card,1
289697540,44,Female,Electronics,136.67,1.0,0,1,PayPal,0
300839565,37,Male,Sports & Outdoors,324.11,1.0,0,0,Cash,0
309750306,40,Female,Animal Feed,105.64,0.5,1,1,Other,0
143644904,43,Male,Electronics,295.6,4.5,1,1,Credit Card,2
86522085,48,Male,Animal Feed,227.03,3.5,1,1,Other,2
670372087,32,Female,Hotels,485.77,3.0,0,0,Cash,0
97378354,37,Female,Animal Feed,173.43,0.5,1,1,PayPal,0
124175609,29,Female,Baby Products,462.96,3.0,1,0,Cash,0
250966830,36,Male,Mobile Accessories,203.13,2.5,1,0,Debit Card,0
915585922,50,Female,Toys & Games,443.11,5.0,1,1,Other,0
255604506,31,Queer,Health Supplements,254.83,1.0,0,0,Credit Card,0
336090598,29,Female,Luxury Goods,336.89,3.5,0,0,Credit Card,0
453371798,26,Male,Baby Products,337.17,3.0,0,1,Credit Card,0
342658558,22,Female,Food & Beverages,429.24,1.5,0,0,Cash,0
673237406,35,Female,Electronics,197.7,3.0,0,0,Cash,1
401498247,23,Male,Home Appliances,336.96,3.5,1,1,PayPal,0
373618691,40,Female,Packages),489.81,0.5,0,0,Credit Card,0
177639416,32,Female,Software & Apps,455.55,3.0,0,0,PayPal,0
564538263,29,Male,Mobile Accessories,266.61,4.0,1,0,Debit Card,0
195600717,50,Queer,Travel & Leisure (Flights,460.88,2.0,1,0,Cash,0
401991803,42,Male,Health Supplements,361.4,2.5,0,1,Credit Card,0
93320236,47,Female,Baby Products,51.86,3.0,0,1,Credit Card,1
839825300,27,Male,Office Supplies,310.16,2.0,0,0,Cash,0
466621571,40,Female,Packages),300.73,4.5,1,1,Cash,0
206999217,28,Female,Packages),356.87,4.5,0,1,Debit Card,0
261500209,28,Male,Clothing,82.37,2.0,0,0,Credit Card,1
949855336,29,Female,Clothing,372.6,3.0,1,1,PayPal,0
977153606,29,Female,Animal Feed,78.32,5.0,0,1,PayPal,1
21004320,32,Female,Baby Products,71.72,2.5,1,1,PayPal,2
160700138,39,Female,Luxury Goods,241.1,1.0,0,1,Credit Card,0
824745074,22,Male,Travel & Leisure (Flights,96.86,5.0,0,1,Debit Card,2
364445336,48,Male,Food & Beverages,276.25,2.0,1,1,Cash,0
546805344,29,Male,Office Supplies,318.45,2.0,0,1,Other,0
163648096,41,Female,Animal Feed,117.03,4.5,0,0,Cash,1
626448183,50,Female,Toys & Games,490.41,5.0,1,0,Other,0
599710799,48,Male,Health Supplements,476.42,1.0,1,0,Debit Card,0
640312046,29,Female,Beauty & Personal Care,392.27,1.0,1,0,Other,0
870790237,36,Male,Hotels,207.24,3.0,1,0,Debit Card,0
780918662,43,Male,Gardening & Outdoors,141.63,4.0,1,1,Cash,2
627202922,30,Male,Home Appliances,244.47,2.5,0,0,Cash,0
475283961,24,Male,Gardening & Outdoors,251.63,1.0,1,1,Credit Card,0
218082293,30,Male,Toys & Games,431.78,4.0,1,0,PayPal,0
220229256,37,Female,Jewelry & Accessories,303.09,4.5,0,0,Other,1
967727220,40,Male,Travel & Leisure (Flights,341.24,1.5,1,0,Credit Card,0
258667286,30,Female,Electronics,211.39,0.5,1,0,Other,0
726944159,39,Female,Electronics,379.21,0.5,1,1,PayPal,0
100798237,46,Female,Mobile Accessories,309.53,3.0,0,1,Cash,0
474608015,48,Male,Books,359.45,4.0,0,0,Other,0
60610023,20,Female,Hotels,479.62,1.5,0,0,Other,0
804872550,34,Male,Electronics,208.6,2.5,1,1,Credit Card,0
236172637,50,Female,Software & Apps,180.21,0.5,0,1,Cash,0
600055187,25,Male,Electronics,197.9,4.0,1,1,Debit Card,2
243715870,49,Male,Home Appliances,362.3,2.0,1,1,Other,0
20558248,25,Female,Health Supplements,159.53,1.5,1,1,Cash,0
542385459,40,Female,Jewelry & Accessories,149.52,3.0,0,0,Cash,1
859220190,19,Female,Toys & Games,206.32,2.0,1,0,PayPal,0
482711908,40,Queer,Baby Products,308.58,3.5,0,1,Debit Card,0
469783874,22,Female,Groceries,91.34,0.5,1,1,Debit Card,0
535957635,25,Female,Luxury Goods,455.44,1.5,0,0,Other,0
81856608,32,Female,Baby Products,468.16,2.5,0,0,Credit Card,0
205622569,44,Female,Mobile Accessories,463.67,2.0,1,0,PayPal,0
413664205,50,Female,Gardening & Outdoors,69.78,3.0,1,0,Cash,2
772417621,26,Male,Food & Beverages,453.37,3.0,1,1,Credit Card,0
530912176,21,Female,Baby Products,106.15,2.5,1,1,Cash,2
482039118,21,Female,Health Care,378.47,5.0,0,0,Other,0
